"","year","ADM0_CODE","ADM0_NAME","ADM1_CODE","ADM1_NAME","DISP_AREA","EXP1_YEAR","STATUS","STR1_YEAR","Shape_Area","Shape_Leng","pdsi_avg","pdsi_max","year1","month"
"1","2020",79,"Ethiopia",1236,"SNNPR","NO",3000,"Member State",1994,8.874419918,24.36957451,0.062585449,12.51176471,202011,"11"
"2","2020",79,"Ethiopia",1236,"SNNPR","NO",3000,"Member State",1994,8.874419918,24.36957451,0.982466363,12.47058824,202009,"09"
"3","2020",79,"Ethiopia",1236,"SNNPR","NO",3000,"Member State",1994,8.874419918,24.36957451,0.735725634,11.86323529,202008,"08"
"4","2020",79,"Ethiopia",1236,"SNNPR","NO",3000,"Member State",1994,8.874419918,24.36957451,0.729488503,11.68823529,202010,"10"
"5","2020",79,"Ethiopia",1236,"SNNPR","NO",3000,"Member State",1994,8.874419918,24.36957451,-0.86738267,10.525,202012,"12"
"6","2020",79,"Ethiopia",47678,"Oromia","NO",3000,"Member State",1994,26.46278672,56.27474495,-4.407513381,10.15441176,202010,"10"
"7","2020",79,"Ethiopia",1229,"Amhara","NO",3000,"Member State",1994,12.87963465,26.99781233,-4.371576356,9.794117647,202008,"08"
"8","2020",79,"Ethiopia",1228,"Afar","NO",3000,"Member State",1994,7.901858137,17.19187629,-0.131557468,9.310294118,202008,"08"
"9","2020",79,"Ethiopia",47678,"Oromia","NO",3000,"Member State",1994,26.46278672,56.27474495,-4.339749411,9.279411765,202009,"09"
"10","2020",79,"Ethiopia",47678,"Oromia","NO",3000,"Member State",1994,26.46278672,56.27474495,-4.935285179,9.125,202011,"11"
"11","2021",79,"Ethiopia",1236,"SNNPR","NO",3000,"Member State",1994,8.874419918,24.36957451,-1.910137413,8.939705882,202101,"01"
"12","2020",79,"Ethiopia",1236,"SNNPR","NO",3000,"Member State",1994,8.874419918,24.36957451,-0.495431867,8.425,202007,"07"
"13","2020",79,"Ethiopia",47678,"Oromia","NO",3000,"Member State",1994,26.46278672,56.27474495,-5.506774564,8.229411765,202012,"12"
"14","2020",79,"Ethiopia",1228,"Afar","NO",3000,"Member State",1994,7.901858137,17.19187629,-1.283114588,7.848529412,202009,"09"
"15","2020",79,"Ethiopia",1229,"Amhara","NO",3000,"Member State",1994,12.87963465,26.99781233,-5.260868297,7.786764706,202009,"09"
"16","2020",79,"Ethiopia",47678,"Oromia","NO",3000,"Member State",1994,26.46278672,56.27474495,-4.475936583,7.704411765,202008,"08"
"17","2021",79,"Ethiopia",1236,"SNNPR","NO",3000,"Member State",1994,8.874419918,24.36957451,-2.954932687,7.447058824,202102,"02"
"18","2020",79,"Ethiopia",47679,"Somali","NO",3000,"Member State",1998,25.60629081,36.2466571,-2.379955866,7.004411765,202001,"01"
"19","2020",79,"Ethiopia",47679,"Somali","NO",3000,"Member State",1998,25.60629081,36.2466571,-2.530902512,6.829411765,202003,"03"
"20","2022",79,"Ethiopia",1228,"Afar","NO",3000,"Member State",1994,7.901858137,17.19187629,-2.412931,6.747058824,202208,"08"
"21","2020",79,"Ethiopia",1237,"Tigray","NO",3000,"Member State",1994,4.332836054,16.70116389,-5.663806368,6.644117647,202008,"08"
"22","2019",79,"Ethiopia",47679,"Somali","NO",3000,"Member State",1998,25.60629081,36.2466571,-2.06577819,6.623529412,201912,"12"
"23","2022",79,"Ethiopia",1229,"Amhara","NO",3000,"Member State",1994,12.87963465,26.99781233,-6.935239965,6.407352941,202208,"08"
"24","2021",79,"Ethiopia",47678,"Oromia","NO",3000,"Member State",1994,26.46278672,56.27474495,-6.185323423,6.376470588,202101,"01"
"25","2020",79,"Ethiopia",1229,"Amhara","NO",3000,"Member State",1994,12.87963465,26.99781233,-6.027838697,6.191176471,202010,"10"
"26","2020",79,"Ethiopia",1237,"Tigray","NO",3000,"Member State",1994,4.332836054,16.70116389,-5.805962574,6.129411765,202009,"09"
"27","2020",79,"Ethiopia",1228,"Afar","NO",3000,"Member State",1994,7.901858137,17.19187629,-2.145498314,5.995588235,202010,"10"
"28","2020",79,"Ethiopia",47679,"Somali","NO",3000,"Member State",1998,25.60629081,36.2466571,-1.913064776,5.975,202004,"04"
"29","2018",79,"Ethiopia",1229,"Amhara","NO",3000,"Member State",1994,12.87963465,26.99781233,-4.136818072,5.902941176,201807,"07"
"30","2021",79,"Ethiopia",1228,"Afar","NO",3000,"Member State",1994,7.901858137,17.19187629,-2.27208851,5.717647059,202107,"07"
"31","2021",79,"Ethiopia",1229,"Amhara","NO",3000,"Member State",1994,12.87963465,26.99781233,-6.106809307,5.717647059,202107,"07"
"32","2020",79,"Ethiopia",47679,"Somali","NO",3000,"Member State",1998,25.60629081,36.2466571,-3.149084728,5.717647059,202002,"02"
"33","2021",79,"Ethiopia",1229,"Amhara","NO",3000,"Member State",1994,12.87963465,26.99781233,-6.759562395,5.645588235,202109,"09"
"34","2022",79,"Ethiopia",1228,"Afar","NO",3000,"Member State",1994,7.901858137,17.19187629,-2.973302806,5.604411765,202209,"09"
"35","2022",79,"Ethiopia",1229,"Amhara","NO",3000,"Member State",1994,12.87963465,26.99781233,-6.676128794,5.552941176,202209,"09"
"36","2020",79,"Ethiopia",1229,"Amhara","NO",3000,"Member State",1994,12.87963465,26.99781233,-5.626025908,5.45,202007,"07"
"37","2021",79,"Ethiopia",1229,"Amhara","NO",3000,"Member State",1994,12.87963465,26.99781233,-6.693071899,5.213235294,202108,"08"
"38","2020",79,"Ethiopia",47678,"Oromia","NO",3000,"Member State",1994,26.46278672,56.27474495,-5.877464829,5.213235294,202007,"07"
"39","2021",79,"Ethiopia",1229,"Amhara","NO",3000,"Member State",1994,12.87963465,26.99781233,-6.456934005,5.141176471,202110,"10"
"40","2018",79,"Ethiopia",1229,"Amhara","NO",3000,"Member State",1994,12.87963465,26.99781233,-3.630179661,5.079411765,201808,"08"
"41","2020",79,"Ethiopia",1228,"Afar","NO",3000,"Member State",1994,7.901858137,17.19187629,-2.764023045,5.017647059,202011,"11"
"42","2020",79,"Ethiopia",1229,"Amhara","NO",3000,"Member State",1994,12.87963465,26.99781233,-6.587166626,5.017647059,202011,"11"
"43","2020",79,"Ethiopia",1228,"Afar","NO",3000,"Member State",1994,7.901858137,17.19187629,-3.103451486,4.894117647,202007,"07"
"44","2021",79,"Ethiopia",47678,"Oromia","NO",3000,"Member State",1994,26.46278672,56.27474495,-6.799555306,4.811764706,202102,"02"
"45","2018",79,"Ethiopia",1228,"Afar","NO",3000,"Member State",1994,7.901858137,17.19187629,-5.260719627,4.770588235,201807,"07"
"46","2020",79,"Ethiopia",1237,"Tigray","NO",3000,"Member State",1994,4.332836054,16.70116389,-6.679380693,4.719117647,202010,"10"
"47","2021",79,"Ethiopia",1236,"SNNPR","NO",3000,"Member State",1994,8.874419918,24.36957451,-4.850673998,4.667647059,202103,"03"
"48","2018",79,"Ethiopia",1228,"Afar","NO",3000,"Member State",1994,7.901858137,17.19187629,-5.134429597,4.152941176,201808,"08"
"49","2018",79,"Ethiopia",1229,"Amhara","NO",3000,"Member State",1994,12.87963465,26.99781233,-3.991895708,4.05,201809,"09"
"50","2022",79,"Ethiopia",1228,"Afar","NO",3000,"Member State",1994,7.901858137,17.19187629,-3.636932798,3.926470588,202210,"10"
"51","2022",79,"Ethiopia",1229,"Amhara","NO",3000,"Member State",1994,12.87963465,26.99781233,-6.188898368,3.916176471,202210,"10"
"52","2020",79,"Ethiopia",1236,"SNNPR","NO",3000,"Member State",1994,8.874419918,24.36957451,-2.705358103,3.905882353,202006,"06"
"53","2021",79,"Ethiopia",1228,"Afar","NO",3000,"Member State",1994,7.901858137,17.19187629,-4.085962003,3.782352941,202108,"08"
"54","2022",79,"Ethiopia",1237,"Tigray","NO",3000,"Member State",1994,4.332836054,16.70116389,-7.941172533,3.772058824,202208,"08"
"55","2020",79,"Ethiopia",1228,"Afar","NO",3000,"Member State",1994,7.901858137,17.19187629,-3.547565442,3.7,202012,"12"
"56","2020",79,"Ethiopia",1229,"Amhara","NO",3000,"Member State",1994,12.87963465,26.99781233,-7.001254591,3.658823529,202012,"12"
"57","2020",79,"Ethiopia",47679,"Somali","NO",3000,"Member State",1998,25.60629081,36.2466571,-3.343333759,3.627941176,202005,"05"
"58","2020",79,"Ethiopia",47678,"Oromia","NO",3000,"Member State",1994,26.46278672,56.27474495,-6.692012756,3.586764706,202006,"06"
"59","2021",79,"Ethiopia",1229,"Amhara","NO",3000,"Member State",1994,12.87963465,26.99781233,-6.657798336,3.545588235,202111,"11"
"60","2020",79,"Ethiopia",1237,"Tigray","NO",3000,"Member State",1994,4.332836054,16.70116389,-6.661862069,3.401470588,202011,"11"
"61","2020",79,"Ethiopia",1236,"SNNPR","NO",3000,"Member State",1994,8.874419918,24.36957451,-3.97677539,3.339705882,202004,"04"
"62","2019",79,"Ethiopia",1229,"Amhara","NO",3000,"Member State",1994,12.87963465,26.99781233,-5.384663197,3.329411765,201910,"10"
"63","2019",79,"Ethiopia",1237,"Tigray","NO",3000,"Member State",1994,4.332836054,16.70116389,-5.119146423,3.329411765,201910,"10"
"64","2022",79,"Ethiopia",47678,"Oromia","NO",3000,"Member State",1994,26.46278672,56.27474495,-9.701247293,3.308823529,202208,"08"
"65","2019",79,"Ethiopia",1229,"Amhara","NO",3000,"Member State",1994,12.87963465,26.99781233,-5.400294768,3.226470588,201909,"09"
"66","2022",79,"Ethiopia",47679,"Somali","NO",3000,"Member State",1998,25.60629081,36.2466571,-10.77792845,3.154411765,202208,"08"
"67","2018",79,"Ethiopia",1228,"Afar","NO",3000,"Member State",1994,7.901858137,17.19187629,-6.301906464,3.123529412,201809,"09"
"68","2018",79,"Ethiopia",1229,"Amhara","NO",3000,"Member State",1994,12.87963465,26.99781233,-4.131803,3.123529412,201810,"10"
"69","2021",79,"Ethiopia",1237,"Tigray","NO",3000,"Member State",1994,4.332836054,16.70116389,-8.078510333,3.092647059,202107,"07"
"70","2019",79,"Ethiopia",1229,"Amhara","NO",3000,"Member State",1994,12.87963465,26.99781233,-5.252579146,3.020588235,201911,"11"
"71","2021",79,"Ethiopia",47678,"Oromia","NO",3000,"Member State",1994,26.46278672,56.27474495,-7.866595942,3.020588235,202103,"03"
"72","2018",79,"Ethiopia",47679,"Somali","NO",3000,"Member State",1998,25.60629081,36.2466571,-3.236992895,3.020588235,201803,"03"
"73","2022",79,"Ethiopia",1237,"Tigray","NO",3000,"Member State",1994,4.332836054,16.70116389,-7.359036985,2.989705882,202209,"09"
"74","2022",79,"Ethiopia",1229,"Amhara","NO",3000,"Member State",1994,12.87963465,26.99781233,-5.887426566,2.938235294,202212,"12"
"75","2019",79,"Ethiopia",1229,"Amhara","NO",3000,"Member State",1994,12.87963465,26.99781233,-5.478105954,2.917647059,201912,"12"
"76","2022",79,"Ethiopia",1228,"Afar","NO",3000,"Member State",1994,7.901858137,17.19187629,-4.437468213,2.814705882,202211,"11"
"77","2019",79,"Ethiopia",1237,"Tigray","NO",3000,"Member State",1994,4.332836054,16.70116389,-5.385722658,2.814705882,201912,"12"
"78","2022",79,"Ethiopia",1229,"Amhara","NO",3000,"Member State",1994,12.87963465,26.99781233,-6.34229938,2.804411765,202211,"11"
"79","2021",79,"Ethiopia",1237,"Tigray","NO",3000,"Member State",1994,4.332836054,16.70116389,-8.41231349,2.742647059,202109,"09"
"80","2020",79,"Ethiopia",47678,"Oromia","NO",3000,"Member State",1994,26.46278672,56.27474495,-6.773661907,2.711764706,202004,"04"
"81","2019",79,"Ethiopia",1237,"Tigray","NO",3000,"Member State",1994,4.332836054,16.70116389,-5.292935792,2.711764706,201911,"11"
"82","2020",79,"Ethiopia",47678,"Oromia","NO",3000,"Member State",1994,26.46278672,56.27474495,-6.800851873,2.670588235,202005,"05"
"83","2020",79,"Ethiopia",1236,"SNNPR","NO",3000,"Member State",1994,8.874419918,24.36957451,-4.116508991,2.670588235,202005,"05"
"84","2020",79,"Ethiopia",47679,"Somali","NO",3000,"Member State",1998,25.60629081,36.2466571,-4.494870595,2.660294118,202009,"09"
"85","2021",79,"Ethiopia",1236,"SNNPR","NO",3000,"Member State",1994,8.874419918,24.36957451,-6.049330378,2.65,202104,"04"
"86","2021",79,"Ethiopia",1237,"Tigray","NO",3000,"Member State",1994,4.332836054,16.70116389,-8.538652276,2.598529412,202108,"08"
"87","2022",79,"Ethiopia",47678,"Oromia","NO",3000,"Member State",1994,26.46278672,56.27474495,-9.557329157,2.526470588,202209,"09"
"88","2020",79,"Ethiopia",47679,"Somali","NO",3000,"Member State",1998,25.60629081,36.2466571,-4.132717927,2.485294118,202006,"06"
"89","2021",79,"Ethiopia",1229,"Amhara","NO",3000,"Member State",1994,12.87963465,26.99781233,-5.919665185,2.475,202105,"05"
"90","2022",79,"Ethiopia",1228,"Afar","NO",3000,"Member State",1994,7.901858137,17.19187629,-7.231226488,2.413235294,202207,"07"
"91","2018",79,"Ethiopia",1229,"Amhara","NO",3000,"Member State",1994,12.87963465,26.99781233,-4.145284278,2.402941176,201811,"11"
"92","2021",79,"Ethiopia",1229,"Amhara","NO",3000,"Member State",1994,12.87963465,26.99781233,-6.865763473,2.372058824,202112,"12"
"93","2020",79,"Ethiopia",1229,"Amhara","NO",3000,"Member State",1994,12.87963465,26.99781233,-5.756339443,2.341176471,202001,"01"
"94","2018",79,"Ethiopia",1228,"Afar","NO",3000,"Member State",1994,7.901858137,17.19187629,-6.192316751,2.3,201810,"10"
"95","2019",79,"Ethiopia",1229,"Amhara","NO",3000,"Member State",1994,12.87963465,26.99781233,-5.997010391,2.3,201908,"08"
"96","2019",79,"Ethiopia",1237,"Tigray","NO",3000,"Member State",1994,4.332836054,16.70116389,-5.851407617,2.3,201909,"09"
"97","2018",79,"Ethiopia",47679,"Somali","NO",3000,"Member State",1998,25.60629081,36.2466571,-4.083459013,2.3,201801,"01"
"98","2020",79,"Ethiopia",47678,"Oromia","NO",3000,"Member State",1994,26.46278672,56.27474495,-7.060139845,2.258823529,202002,"02"
"99","2020",79,"Ethiopia",1236,"SNNPR","NO",3000,"Member State",1994,8.874419918,24.36957451,-4.614055186,2.258823529,202002,"02"
"100","2021",79,"Ethiopia",1237,"Tigray","NO",3000,"Member State",1994,4.332836054,16.70116389,-8.221313433,2.207352941,202110,"10"
"101","2021",79,"Ethiopia",1228,"Afar","NO",3000,"Member State",1994,7.901858137,17.19187629,-5.053618974,2.186764706,202101,"01"
"102","2021",79,"Ethiopia",1229,"Amhara","NO",3000,"Member State",1994,12.87963465,26.99781233,-7.376589765,2.186764706,202101,"01"
"103","2020",79,"Ethiopia",1237,"Tigray","NO",3000,"Member State",1994,4.332836054,16.70116389,-5.441664302,2.176470588,202001,"01"
"104","2020",79,"Ethiopia",1237,"Tigray","NO",3000,"Member State",1994,4.332836054,16.70116389,-6.795346919,2.155882353,202012,"12"
"105","2020",79,"Ethiopia",1236,"SNNPR","NO",3000,"Member State",1994,8.874419918,24.36957451,-4.663617466,2.001470588,202003,"03"
"106","2022",79,"Ethiopia",47679,"Somali","NO",3000,"Member State",1998,25.60629081,36.2466571,-10.94561886,2.001470588,202209,"09"
"107","2020",79,"Ethiopia",47679,"Somali","NO",3000,"Member State",1998,25.60629081,36.2466571,-4.032954323,1.960294118,202007,"07"
"108","2022",79,"Ethiopia",1228,"Afar","NO",3000,"Member State",1994,7.901858137,17.19187629,-3.548142672,1.939705882,202212,"12"
"109","2022",79,"Ethiopia",1229,"Amhara","NO",3000,"Member State",1994,12.87963465,26.99781233,-8.591793571,1.929411765,202207,"07"
"110","2020",79,"Ethiopia",47678,"Oromia","NO",3000,"Member State",1994,26.46278672,56.27474495,-6.638244756,1.929411765,202001,"01"
"111","2020",79,"Ethiopia",1236,"SNNPR","NO",3000,"Member State",1994,8.874419918,24.36957451,-4.731054554,1.929411765,202001,"01"
"112","2020",79,"Ethiopia",1237,"Tigray","NO",3000,"Member State",1994,4.332836054,16.70116389,-6.843244846,1.929411765,202007,"07"
"113","2018",79,"Ethiopia",1229,"Amhara","NO",3000,"Member State",1994,12.87963465,26.99781233,-4.293631197,1.888235294,201806,"06"
"114","2018",79,"Ethiopia",47678,"Oromia","NO",3000,"Member State",1994,26.46278672,56.27474495,-5.141659303,1.888235294,201803,"03"
"115","2020",79,"Ethiopia",47678,"Oromia","NO",3000,"Member State",1994,26.46278672,56.27474495,-7.161038377,1.888235294,202003,"03"
"116","2019",79,"Ethiopia",47679,"Somali","NO",3000,"Member State",1998,25.60629081,36.2466571,-4.418067675,1.888235294,201911,"11"
"117","2020",79,"Ethiopia",47679,"Somali","NO",3000,"Member State",1998,25.60629081,36.2466571,-3.738305629,1.836764706,202008,"08"
"118","2022",79,"Ethiopia",1237,"Tigray","NO",3000,"Member State",1994,4.332836054,16.70116389,-7.490573526,1.785294118,202210,"10"
"119","2022",79,"Ethiopia",1232,"Gambela","NO",3000,"Member State",1994,2.516956145,10.97660878,-9.615370597,1.754411765,202209,"09"
"120","2020",79,"Ethiopia",47679,"Somali","NO",3000,"Member State",1998,25.60629081,36.2466571,-6.107427079,1.692647059,202010,"10"
"121","2018",79,"Ethiopia",1228,"Afar","NO",3000,"Member State",1994,7.901858137,17.19187629,-6.068846384,1.682352941,201811,"11"
"122","2018",79,"Ethiopia",1236,"SNNPR","NO",3000,"Member State",1994,8.874419918,24.36957451,-6.141121362,1.682352941,201806,"06"
"123","2021",79,"Ethiopia",1228,"Afar","NO",3000,"Member State",1994,7.901858137,17.19187629,-5.725307587,1.610294118,202109,"09"
"124","2021",79,"Ethiopia",1237,"Tigray","NO",3000,"Member State",1994,4.332836054,16.70116389,-6.700941024,1.6,202105,"05"
"125","2018",79,"Ethiopia",47679,"Somali","NO",3000,"Member State",1998,25.60629081,36.2466571,-3.96030266,1.579411765,201802,"02"
"126","2020",79,"Ethiopia",1229,"Amhara","NO",3000,"Member State",1994,12.87963465,26.99781233,-6.046935731,1.548529412,202002,"02"
"127","2022",79,"Ethiopia",47678,"Oromia","NO",3000,"Member State",1994,26.46278672,56.27474495,-9.028806026,1.507352941,202210,"10"
"128","2021",79,"Ethiopia",1236,"SNNPR","NO",3000,"Member State",1994,8.874419918,24.36957451,-6.503123069,1.507352941,202105,"05"
"129","2019",79,"Ethiopia",1237,"Tigray","NO",3000,"Member State",1994,4.332836054,16.70116389,-6.655672452,1.476470588,201908,"08"
"130","2018",79,"Ethiopia",47679,"Somali","NO",3000,"Member State",1998,25.60629081,36.2466571,-2.601239723,1.476470588,201804,"04"
"131","2021",79,"Ethiopia",1237,"Tigray","NO",3000,"Member State",1994,4.332836054,16.70116389,-8.409138722,1.466176471,202111,"11"
"132","2020",79,"Ethiopia",1237,"Tigray","NO",3000,"Member State",1994,4.332836054,16.70116389,-5.710215847,1.435294118,202002,"02"
"133","2018",79,"Ethiopia",1228,"Afar","NO",3000,"Member State",1994,7.901858137,17.19187629,-4.254821891,1.373529412,201806,"06"
"134","2021",79,"Ethiopia",47678,"Oromia","NO",3000,"Member State",1994,26.46278672,56.27474495,-8.348510928,1.322058824,202104,"04"
"135","2021",79,"Ethiopia",1228,"Afar","NO",3000,"Member State",1994,7.901858137,17.19187629,-5.440917237,1.311764706,202105,"05"
"136","2020",79,"Ethiopia",1232,"Gambela","NO",3000,"Member State",1994,2.516956145,10.97660878,-6.950794808,1.280882353,202009,"09"
"137","2020",79,"Ethiopia",1232,"Gambela","NO",3000,"Member State",1994,2.516956145,10.97660878,-6.713763986,1.229411765,202010,"10"
"138","2018",79,"Ethiopia",1229,"Amhara","NO",3000,"Member State",1994,12.87963465,26.99781233,-4.599389226,1.167647059,201812,"12"
"139","2019",79,"Ethiopia",47679,"Somali","NO",3000,"Member State",1998,25.60629081,36.2466571,-6.086071839,1.167647059,201910,"10"
"140","2022",79,"Ethiopia",1229,"Amhara","NO",3000,"Member State",1994,12.87963465,26.99781233,-6.859084861,1.085294118,202201,"01"
"141","2021",79,"Ethiopia",1237,"Tigray","NO",3000,"Member State",1994,4.332836054,16.70116389,-8.049448784,1.075,202112,"12"
"142","2022",79,"Ethiopia",47679,"Somali","NO",3000,"Member State",1998,25.60629081,36.2466571,-11.4321436,1.044117647,202210,"10"
"143","2021",79,"Ethiopia",1237,"Tigray","NO",3000,"Member State",1994,4.332836054,16.70116389,-7.032310627,1.002941176,202101,"01"
"144","2021",79,"Ethiopia",47678,"Oromia","NO",3000,"Member State",1994,26.46278672,56.27474495,-8.395211927,0.982352941,202107,"07"
"145","2019",79,"Ethiopia",1228,"Afar","NO",3000,"Member State",1994,7.901858137,17.19187629,-5.87146968,0.961764706,201906,"06"
"146","2018",79,"Ethiopia",1237,"Tigray","NO",3000,"Member State",1994,4.332836054,16.70116389,-2.652866121,0.961764706,201810,"10"
"147","2021",79,"Ethiopia",1229,"Amhara","NO",3000,"Member State",1994,12.87963465,26.99781233,-7.379227019,0.930882353,202102,"02"
"148","2021",79,"Ethiopia",1237,"Tigray","NO",3000,"Member State",1994,4.332836054,16.70116389,-6.864943823,0.930882353,202102,"02"
"149","2020",79,"Ethiopia",47679,"Somali","NO",3000,"Member State",1998,25.60629081,36.2466571,-6.57733936,0.920588235,202011,"11"
"150","2021",79,"Ethiopia",1228,"Afar","NO",3000,"Member State",1994,7.901858137,17.19187629,-5.860809428,0.910294118,202102,"02"
"151","2021",79,"Ethiopia",1228,"Afar","NO",3000,"Member State",1994,7.901858137,17.19187629,-5.964572201,0.889705882,202106,"06"
"152","2021",79,"Ethiopia",1229,"Amhara","NO",3000,"Member State",1994,12.87963465,26.99781233,-7.232814412,0.889705882,202106,"06"
"153","2022",79,"Ethiopia",1237,"Tigray","NO",3000,"Member State",1994,4.332836054,16.70116389,-7.056820941,0.869117647,202212,"12"
"154","2018",79,"Ethiopia",1236,"SNNPR","NO",3000,"Member State",1994,8.874419918,24.36957451,-6.243517958,0.858823529,201807,"07"
"155","2021",79,"Ethiopia",47678,"Oromia","NO",3000,"Member State",1994,26.46278672,56.27474495,-8.8179231,0.827941176,202108,"08"
"156","2021",79,"Ethiopia",1228,"Afar","NO",3000,"Member State",1994,7.901858137,17.19187629,-5.217492008,0.766176471,202110,"10"
"157","2019",79,"Ethiopia",1229,"Amhara","NO",3000,"Member State",1994,12.87963465,26.99781233,-6.062314612,0.755882353,201907,"07"
"158","2022",79,"Ethiopia",1237,"Tigray","NO",3000,"Member State",1994,4.332836054,16.70116389,-7.739492575,0.683823529,202211,"11"
"159","2018",79,"Ethiopia",47678,"Oromia","NO",3000,"Member State",1994,26.46278672,56.27474495,-5.346746673,0.652941176,201804,"04"
"160","2021",79,"Ethiopia",47679,"Somali","NO",3000,"Member State",1998,25.60629081,36.2466571,-8.083518562,0.611764706,202108,"08"
"161","2020",79,"Ethiopia",1232,"Gambela","NO",3000,"Member State",1994,2.516956145,10.97660878,-7.566953474,0.601470588,202008,"08"
"162","2020",79,"Ethiopia",1229,"Amhara","NO",3000,"Member State",1994,12.87963465,26.99781233,-6.370492747,0.591176471,202006,"06"
"163","2022",79,"Ethiopia",1232,"Gambela","NO",3000,"Member State",1994,2.516956145,10.97660878,-9.770398708,0.580882353,202210,"10"
"164","2018",79,"Ethiopia",47678,"Oromia","NO",3000,"Member State",1994,26.46278672,56.27474495,-6.224288522,0.55,201801,"01"
"165","2018",79,"Ethiopia",47679,"Somali","NO",3000,"Member State",1998,25.60629081,36.2466571,-3.028310416,0.55,201805,"05"
"166","2018",79,"Ethiopia",1228,"Afar","NO",3000,"Member State",1994,7.901858137,17.19187629,-6.677922449,0.447058824,201812,"12"
"167","2019",79,"Ethiopia",1228,"Afar","NO",3000,"Member State",1994,7.901858137,17.19187629,-7.370153426,0.447058824,201910,"10"
"168","2019",79,"Ethiopia",47678,"Oromia","NO",3000,"Member State",1994,26.46278672,56.27474495,-6.978502382,0.447058824,201912,"12"
"169","2018",79,"Ethiopia",1236,"SNNPR","NO",3000,"Member State",1994,8.874419918,24.36957451,-5.8987604,0.447058824,201808,"08"
"170","2020",79,"Ethiopia",1232,"Gambela","NO",3000,"Member State",1994,2.516956145,10.97660878,-8.314955707,0.354411765,202007,"07"
"171","2020",79,"Ethiopia",1232,"Gambela","NO",3000,"Member State",1994,2.516956145,10.97660878,-7.276203019,0.344117647,202011,"11"
"172","2020",79,"Ethiopia",1229,"Amhara","NO",3000,"Member State",1994,12.87963465,26.99781233,-6.540688413,0.323529412,202003,"03"
"173","2022",79,"Ethiopia",47678,"Oromia","NO",3000,"Member State",1994,26.46278672,56.27474495,-9.199194357,0.302941176,202211,"11"
"174","2021",79,"Ethiopia",47678,"Oromia","NO",3000,"Member State",1994,26.46278672,56.27474495,-8.250851172,0.272058824,202105,"05"
"175","2022",79,"Ethiopia",1237,"Tigray","NO",3000,"Member State",1994,4.332836054,16.70116389,-7.945830388,0.261764706,202201,"01"
"176","2020",79,"Ethiopia",1237,"Tigray","NO",3000,"Member State",1994,4.332836054,16.70116389,-6.419735731,0.251470588,202003,"03"
"177","2018",79,"Ethiopia",47678,"Oromia","NO",3000,"Member State",1994,26.46278672,56.27474495,-5.194670666,0.241176471,201806,"06"
"178","2018",79,"Ethiopia",1237,"Tigray","NO",3000,"Member State",1994,4.332836054,16.70116389,-2.873878821,0.241176471,201811,"11"
"179","2022",79,"Ethiopia",1232,"Gambela","NO",3000,"Member State",1994,2.516956145,10.97660878,-11.29178048,0.220588235,202208,"08"
"180","2021",79,"Ethiopia",1236,"SNNPR","NO",3000,"Member State",1994,8.874419918,24.36957451,-8.528920994,0.210294118,202109,"09"
"181","2020",79,"Ethiopia",47679,"Somali","NO",3000,"Member State",1998,25.60629081,36.2466571,-6.933621329,0.189705882,202012,"12"
"182","2019",79,"Ethiopia",1228,"Afar","NO",3000,"Member State",1994,7.901858137,17.19187629,-6.509977662,0.138235294,201911,"11"
"183","2018",79,"Ethiopia",1237,"Tigray","NO",3000,"Member State",1994,4.332836054,16.70116389,-2.941770947,0.138235294,201809,"09"
"184","2020",79,"Ethiopia",1228,"Afar","NO",3000,"Member State",1994,7.901858137,17.19187629,-7.462746576,0.107352941,202006,"06"
"185","2021",79,"Ethiopia",47678,"Oromia","NO",3000,"Member State",1994,26.46278672,56.27474495,-9.042763747,0.097058824,202106,"06"
"186","2022",79,"Ethiopia",1236,"SNNPR","NO",3000,"Member State",1994,8.874419918,24.36957451,-9.074046339,0.086764706,202201,"01"
"187","2022",79,"Ethiopia",1229,"Amhara","NO",3000,"Member State",1994,12.87963465,26.99781233,-7.31553155,0.076470588,202202,"02"
"188","2022",79,"Ethiopia",1236,"SNNPR","NO",3000,"Member State",1994,8.874419918,24.36957451,-10.17958498,0.076470588,202209,"09"
"189","2022",79,"Ethiopia",47678,"Oromia","NO",3000,"Member State",1994,26.46278672,56.27474495,-9.056726666,0.066176471,202212,"12"
"190","2018",79,"Ethiopia",47678,"Oromia","NO",3000,"Member State",1994,26.46278672,56.27474495,-5.930425719,0.035294118,201802,"02"
"191","2018",79,"Ethiopia",47678,"Oromia","NO",3000,"Member State",1994,26.46278672,56.27474495,-5.55537354,0.035294118,201807,"07"
"192","2018",79,"Ethiopia",47678,"Oromia","NO",3000,"Member State",1994,26.46278672,56.27474495,-5.406519862,0.035294118,201808,"08"
"193","2022",79,"Ethiopia",47678,"Oromia","NO",3000,"Member State",1994,26.46278672,56.27474495,-10.52798537,-0.036764706,202207,"07"
"194","2022",79,"Ethiopia",47679,"Somali","NO",3000,"Member State",1998,25.60629081,36.2466571,-11.46563058,-0.036764706,202207,"07"
"195","2020",79,"Ethiopia",1229,"Amhara","NO",3000,"Member State",1994,12.87963465,26.99781233,-5.941573524,-0.057352941,202005,"05"
"196","2019",79,"Ethiopia",47679,"Somali","NO",3000,"Member State",1998,25.60629081,36.2466571,-7.982134936,-0.067647059,201909,"09"
"197","2021",79,"Ethiopia",47678,"Oromia","NO",3000,"Member State",1994,26.46278672,56.27474495,-8.887398779,-0.160294118,202109,"09"
"198","2022",79,"Ethiopia",1236,"SNNPR","NO",3000,"Member State",1994,8.874419918,24.36957451,-9.583280547,-0.170588235,202202,"02"
"199","2018",79,"Ethiopia",1237,"Tigray","NO",3000,"Member State",1994,4.332836054,16.70116389,-3.332693785,-0.170588235,201812,"12"
"200","2022",79,"Ethiopia",47679,"Somali","NO",3000,"Member State",1998,25.60629081,36.2466571,-11.77121525,-0.180882353,202211,"11"
"201","2021",79,"Ethiopia",1237,"Tigray","NO",3000,"Member State",1994,4.332836054,16.70116389,-8.316155284,-0.191176471,202106,"06"
"202","2018",79,"Ethiopia",47678,"Oromia","NO",3000,"Member State",1994,26.46278672,56.27474495,-5.211128764,-0.273529412,201805,"05"
"203","2018",79,"Ethiopia",47679,"Somali","NO",3000,"Member State",1998,25.60629081,36.2466571,-3.445704206,-0.273529412,201806,"06"
"204","2021",79,"Ethiopia",47679,"Somali","NO",3000,"Member State",1998,25.60629081,36.2466571,-7.822788049,-0.355882353,202107,"07"
"205","2021",79,"Ethiopia",1228,"Afar","NO",3000,"Member State",1994,7.901858137,17.19187629,-6.147994615,-0.366176471,202111,"11"
"206","2019",79,"Ethiopia",1229,"Amhara","NO",3000,"Member State",1994,12.87963465,26.99781233,-5.293880187,-0.376470588,201901,"01"
"207","2021",79,"Ethiopia",1236,"SNNPR","NO",3000,"Member State",1994,8.874419918,24.36957451,-8.650116104,-0.376470588,202107,"07"
"208","2018",79,"Ethiopia",1237,"Tigray","NO",3000,"Member State",1994,4.332836054,16.70116389,-3.364544717,-0.376470588,201808,"08"
"209","2019",79,"Ethiopia",1231,"Dire Dawa","NO",3000,"Member State",1998,0.08677634,1.696148857,-3.380062454,-0.376470588,201910,"10"
"210","2019",79,"Ethiopia",1231,"Dire Dawa","NO",3000,"Member State",1998,0.08677634,1.696148857,-2.95558692,-0.376470588,201912,"12"
"211","2021",79,"Ethiopia",1229,"Amhara","NO",3000,"Member State",1994,12.87963465,26.99781233,-8.201295254,-0.479411765,202104,"04"
"212","2019",79,"Ethiopia",1236,"SNNPR","NO",3000,"Member State",1994,8.874419918,24.36957451,-9.144288672,-0.479411765,201907,"07"
"213","2019",79,"Ethiopia",1236,"SNNPR","NO",3000,"Member State",1994,8.874419918,24.36957451,-8.049441091,-0.479411765,201910,"10"
"214","2021",79,"Ethiopia",1237,"Tigray","NO",3000,"Member State",1994,4.332836054,16.70116389,-7.517846954,-0.479411765,202104,"04"
"215","2018",79,"Ethiopia",47679,"Somali","NO",3000,"Member State",1998,25.60629081,36.2466571,-3.90989519,-0.479411765,201811,"11"
"216","2021",79,"Ethiopia",1229,"Amhara","NO",3000,"Member State",1994,12.87963465,26.99781233,-8.427012044,-0.489705882,202103,"03"
"217","2021",79,"Ethiopia",1237,"Tigray","NO",3000,"Member State",1994,4.332836054,16.70116389,-7.605150009,-0.489705882,202103,"03"
"218","2020",79,"Ethiopia",1232,"Gambela","NO",3000,"Member State",1994,2.516956145,10.97660878,-7.659976257,-0.530882353,202012,"12"
"219","2018",79,"Ethiopia",1228,"Afar","NO",3000,"Member State",1994,7.901858137,17.19187629,-4.370939384,-0.582352941,201805,"05"
"220","2019",79,"Ethiopia",1228,"Afar","NO",3000,"Member State",1994,7.901858137,17.19187629,-8.921568431,-0.582352941,201909,"09"
"221","2019",79,"Ethiopia",1232,"Gambela","NO",3000,"Member State",1994,2.516956145,10.97660878,-8.771507939,-0.582352941,201908,"08"
"222","2019",79,"Ethiopia",1236,"SNNPR","NO",3000,"Member State",1994,8.874419918,24.36957451,-6.244826354,-0.582352941,201912,"12"
"223","2021",79,"Ethiopia",47678,"Oromia","NO",3000,"Member State",1994,26.46278672,56.27474495,-8.873615306,-0.644117647,202110,"10"
"224","2019",79,"Ethiopia",47678,"Oromia","NO",3000,"Member State",1994,26.46278672,56.27474495,-7.809705331,-0.685294118,201911,"11"
"225","2018",79,"Ethiopia",1236,"SNNPR","NO",3000,"Member State",1994,8.874419918,24.36957451,-6.29701225,-0.685294118,201809,"09"
"226","2021",79,"Ethiopia",47679,"Somali","NO",3000,"Member State",1998,25.60629081,36.2466571,-7.051495618,-0.757352941,202101,"01"
"227","2018",79,"Ethiopia",1228,"Afar","NO",3000,"Member State",1994,7.901858137,17.19187629,-4.133257881,-0.788235294,201803,"03"
"228","2018",79,"Ethiopia",47678,"Oromia","NO",3000,"Member State",1994,26.46278672,56.27474495,-5.991470117,-0.788235294,201809,"09"
"229","2019",79,"Ethiopia",1237,"Tigray","NO",3000,"Member State",1994,4.332836054,16.70116389,-4.003190763,-0.788235294,201901,"01"
"230","2019",79,"Ethiopia",1231,"Dire Dawa","NO",3000,"Member State",1998,0.08677634,1.696148857,-3.182855293,-0.788235294,201911,"11"
"231","2020",79,"Ethiopia",1231,"Dire Dawa","NO",3000,"Member State",1998,0.08677634,1.696148857,-3.081112023,-0.829411765,202001,"01"
"232","2022",79,"Ethiopia",1237,"Tigray","NO",3000,"Member State",1994,4.332836054,16.70116389,-8.157274102,-0.860294118,202202,"02"
"233","2019",79,"Ethiopia",1228,"Afar","NO",3000,"Member State",1994,7.901858137,17.19187629,-6.729941893,-0.891176471,201912,"12"
"234","2020",79,"Ethiopia",1229,"Amhara","NO",3000,"Member State",1994,12.87963465,26.99781233,-6.669296786,-0.891176471,202004,"04"
"235","2019",79,"Ethiopia",47678,"Oromia","NO",3000,"Member State",1994,26.46278672,56.27474495,-8.682582341,-0.891176471,201910,"10"
"236","2019",79,"Ethiopia",1236,"SNNPR","NO",3000,"Member State",1994,8.874419918,24.36957451,-7.144906252,-0.891176471,201911,"11"
"237","2018",79,"Ethiopia",47679,"Somali","NO",3000,"Member State",1998,25.60629081,36.2466571,-4.015142004,-0.891176471,201807,"07"
"238","2022",79,"Ethiopia",47679,"Somali","NO",3000,"Member State",1998,25.60629081,36.2466571,-11.43480549,-0.891176471,202212,"12"
"239","2021",79,"Ethiopia",1236,"SNNPR","NO",3000,"Member State",1994,8.874419918,24.36957451,-8.607812003,-0.901470588,202110,"10"
"240","2022",79,"Ethiopia",1236,"SNNPR","NO",3000,"Member State",1994,8.874419918,24.36957451,-9.703903138,-0.911764706,202210,"10"
"241","2021",79,"Ethiopia",1236,"SNNPR","NO",3000,"Member State",1994,8.874419918,24.36957451,-8.456901455,-0.932352941,202106,"06"
"242","2020",79,"Ethiopia",1237,"Tigray","NO",3000,"Member State",1994,4.332836054,16.70116389,-7.079792932,-0.983823529,202004,"04"
"243","2019",79,"Ethiopia",1228,"Afar","NO",3000,"Member State",1994,7.901858137,17.19187629,-7.629353963,-0.994117647,201901,"01"
"244","2019",79,"Ethiopia",1229,"Amhara","NO",3000,"Member State",1994,12.87963465,26.99781233,-5.421819937,-1.097058824,201902,"02"
"245","2019",79,"Ethiopia",1229,"Amhara","NO",3000,"Member State",1994,12.87963465,26.99781233,-5.220434235,-1.097058824,201906,"06"
"246","2018",79,"Ethiopia",1236,"SNNPR","NO",3000,"Member State",1994,8.874419918,24.36957451,-6.94828905,-1.097058824,201805,"05"
"247","2022",79,"Ethiopia",1236,"SNNPR","NO",3000,"Member State",1994,8.874419918,24.36957451,-10.50509044,-1.107352941,202208,"08"
"248","2021",79,"Ethiopia",47679,"Somali","NO",3000,"Member State",1998,25.60629081,36.2466571,-8.785082028,-1.148529412,202109,"09"
"249","2021",79,"Ethiopia",1228,"Afar","NO",3000,"Member State",1994,7.901858137,17.19187629,-7.753356619,-1.189705882,202103,"03"
"250","2022",79,"Ethiopia",1232,"Gambela","NO",3000,"Member State",1994,2.516956145,10.97660878,-10.16480013,-1.189705882,202211,"11"
"251","2019",79,"Ethiopia",1232,"Gambela","NO",3000,"Member State",1994,2.516956145,10.97660878,-8.972020063,-1.2,201907,"07"
"252","2018",79,"Ethiopia",1233,"Hareri","NO",3000,"Member State",1994,0.030516708,0.763939268,-1.535310222,-1.2,201804,"04"
"253","2019",79,"Ethiopia",1237,"Tigray","NO",3000,"Member State",1994,4.332836054,16.70116389,-6.232487817,-1.2,201907,"07"
"254","2018",79,"Ethiopia",47679,"Somali","NO",3000,"Member State",1998,25.60629081,36.2466571,-4.130526759,-1.2,201812,"12"
"255","2021",79,"Ethiopia",1228,"Afar","NO",3000,"Member State",1994,7.901858137,17.19187629,-6.850691381,-1.220588235,202112,"12"
"256","2022",79,"Ethiopia",1237,"Tigray","NO",3000,"Member State",1994,4.332836054,16.70116389,-9.819588117,-1.282352941,202207,"07"
"257","2020",79,"Ethiopia",1237,"Tigray","NO",3000,"Member State",1994,4.332836054,16.70116389,-5.839990906,-1.292647059,202005,"05"
"258","2018",79,"Ethiopia",1228,"Afar","NO",3000,"Member State",1994,7.901858137,17.19187629,-3.840805094,-1.302941176,201804,"04"
"259","2019",79,"Ethiopia",1228,"Afar","NO",3000,"Member State",1994,7.901858137,17.19187629,-8.584027388,-1.302941176,201908,"08"
"260","2022",79,"Ethiopia",1229,"Amhara","NO",3000,"Member State",1994,12.87963465,26.99781233,-8.120488651,-1.302941176,202203,"03"
"261","2018",79,"Ethiopia",1233,"Hareri","NO",3000,"Member State",1994,0.030516708,0.763939268,-1.770434439,-1.302941176,201803,"03"
"262","2019",79,"Ethiopia",1237,"Tigray","NO",3000,"Member State",1994,4.332836054,16.70116389,-4.343390198,-1.302941176,201902,"02"
"263","2019",79,"Ethiopia",47679,"Somali","NO",3000,"Member State",1998,25.60629081,36.2466571,-7.661626709,-1.302941176,201906,"06"
"264","2020",79,"Ethiopia",1228,"Afar","NO",3000,"Member State",1994,7.901858137,17.19187629,-6.720153542,-1.395588235,202001,"01"
"265","2018",79,"Ethiopia",1229,"Amhara","NO",3000,"Member State",1994,12.87963465,26.99781233,-4.900417935,-1.405882353,201803,"03"
"266","2018",79,"Ethiopia",1231,"Dire Dawa","NO",3000,"Member State",1998,0.08677634,1.696148857,-1.809862006,-1.405882353,201804,"04"
"267","2018",79,"Ethiopia",47679,"Somali","NO",3000,"Member State",1998,25.60629081,36.2466571,-4.193042358,-1.405882353,201808,"08"
"268","2020",79,"Ethiopia",1231,"Dire Dawa","NO",3000,"Member State",1998,0.08677634,1.696148857,-2.898521863,-1.436764706,202008,"08"
"269","2021",79,"Ethiopia",1236,"SNNPR","NO",3000,"Member State",1994,8.874419918,24.36957451,-9.190034939,-1.477941176,202108,"08"
"270","2018",79,"Ethiopia",1228,"Afar","NO",3000,"Member State",1994,7.901858137,17.19187629,-6.029598182,-1.508823529,201801,"01"
"271","2019",79,"Ethiopia",1229,"Amhara","NO",3000,"Member State",1994,12.87963465,26.99781233,-5.812586613,-1.508823529,201903,"03"
"272","2018",79,"Ethiopia",1236,"SNNPR","NO",3000,"Member State",1994,8.874419918,24.36957451,-6.238161815,-1.508823529,201810,"10"
"273","2019",79,"Ethiopia",1231,"Dire Dawa","NO",3000,"Member State",1998,0.08677634,1.696148857,-4.539914733,-1.508823529,201909,"09"
"274","2021",79,"Ethiopia",47678,"Oromia","NO",3000,"Member State",1994,26.46278672,56.27474495,-9.081170403,-1.529411765,202111,"11"
"275","2020",79,"Ethiopia",1232,"Gambela","NO",3000,"Member State",1994,2.516956145,10.97660878,-8.949903771,-1.601470588,202001,"01"
"276","2019",79,"Ethiopia",1228,"Afar","NO",3000,"Member State",1994,7.901858137,17.19187629,-7.495445214,-1.611764706,201907,"07"
"277","2018",79,"Ethiopia",1231,"Dire Dawa","NO",3000,"Member State",1998,0.08677634,1.696148857,-2.148834147,-1.611764706,201805,"05"
"278","2018",79,"Ethiopia",47679,"Somali","NO",3000,"Member State",1998,25.60629081,36.2466571,-4.381590097,-1.611764706,201810,"10"
"279","2021",79,"Ethiopia",1232,"Gambela","NO",3000,"Member State",1994,2.516956145,10.97660878,-8.11952827,-1.632352941,202101,"01"
"280","2022",79,"Ethiopia",1232,"Gambela","NO",3000,"Member State",1994,2.516956145,10.97660878,-10.06818187,-1.652941176,202212,"12"
"281","2019",79,"Ethiopia",1232,"Gambela","NO",3000,"Member State",1994,2.516956145,10.97660878,-8.923560303,-1.714705882,201910,"10"
"282","2018",79,"Ethiopia",1233,"Hareri","NO",3000,"Member State",1994,0.030516708,0.763939268,-1.975166379,-1.714705882,201805,"05"
"283","2018",79,"Ethiopia",47678,"Oromia","NO",3000,"Member State",1994,26.46278672,56.27474495,-6.038391343,-1.714705882,201810,"10"
"284","2019",79,"Ethiopia",1237,"Tigray","NO",3000,"Member State",1994,4.332836054,16.70116389,-4.057903171,-1.714705882,201906,"06"
"285","2019",79,"Ethiopia",47679,"Somali","NO",3000,"Member State",1998,25.60629081,36.2466571,-4.485848586,-1.714705882,201901,"01"
"286","2020",79,"Ethiopia",1231,"Dire Dawa","NO",3000,"Member State",1998,0.08677634,1.696148857,-3.358224881,-1.725,202007,"07"
"287","2022",79,"Ethiopia",1236,"SNNPR","NO",3000,"Member State",1994,8.874419918,24.36957451,-10.27173081,-1.766176471,202203,"03"
"288","2018",79,"Ethiopia",1231,"Dire Dawa","NO",3000,"Member State",1998,0.08677634,1.696148857,-2.19880276,-1.817647059,201803,"03"
"289","2018",79,"Ethiopia",1231,"Dire Dawa","NO",3000,"Member State",1998,0.08677634,1.696148857,-2.269312316,-1.817647059,201806,"06"
"290","2018",79,"Ethiopia",47679,"Somali","NO",3000,"Member State",1998,25.60629081,36.2466571,-4.472288744,-1.817647059,201809,"09"
"291","2020",79,"Ethiopia",1232,"Gambela","NO",3000,"Member State",1994,2.516956145,10.97660878,-8.890261644,-1.838235294,202002,"02"
"292","2021",79,"Ethiopia",47679,"Somali","NO",3000,"Member State",1998,25.60629081,36.2466571,-7.496166116,-1.838235294,202102,"02"
"293","2020",79,"Ethiopia",1233,"Hareri","NO",3000,"Member State",1994,0.030516708,0.763939268,-2.809839843,-1.869117647,202009,"09"
"294","2020",79,"Ethiopia",1231,"Dire Dawa","NO",3000,"Member State",1998,0.08677634,1.696148857,-3.96541246,-1.9,202002,"02"
"295","2018",79,"Ethiopia",1233,"Hareri","NO",3000,"Member State",1994,0.030516708,0.763939268,-2.116876928,-1.920588235,201806,"06"
"296","2018",79,"Ethiopia",1236,"SNNPR","NO",3000,"Member State",1994,8.874419918,24.36957451,-5.911017151,-1.920588235,201812,"12"
"297","2019",79,"Ethiopia",1236,"SNNPR","NO",3000,"Member State",1994,8.874419918,24.36957451,-9.183965267,-1.920588235,201908,"08"
"298","2019",79,"Ethiopia",1237,"Tigray","NO",3000,"Member State",1994,4.332836054,16.70116389,-4.817773796,-1.920588235,201903,"03"
"299","2021",79,"Ethiopia",47679,"Somali","NO",3000,"Member State",1998,25.60629081,36.2466571,-8.749034794,-1.992647059,202105,"05"
"300","2018",79,"Ethiopia",1229,"Amhara","NO",3000,"Member State",1994,12.87963465,26.99781233,-5.271432818,-2.023529412,201804,"04"
"301","2019",79,"Ethiopia",47678,"Oromia","NO",3000,"Member State",1994,26.46278672,56.27474495,-9.429632485,-2.023529412,201909,"09"
"302","2022",79,"Ethiopia",1237,"Tigray","NO",3000,"Member State",1994,4.332836054,16.70116389,-8.718157819,-2.085294118,202203,"03"
"303","2019",79,"Ethiopia",1228,"Afar","NO",3000,"Member State",1994,7.901858137,17.19187629,-8.227001276,-2.126470588,201902,"02"
"304","2022",79,"Ethiopia",1228,"Afar","NO",3000,"Member State",1994,7.901858137,17.19187629,-7.082751819,-2.126470588,202201,"01"
"305","2019",79,"Ethiopia",1232,"Gambela","NO",3000,"Member State",1994,2.516956145,10.97660878,-9.57181331,-2.126470588,201909,"09"
"306","2021",79,"Ethiopia",47678,"Oromia","NO",3000,"Member State",1994,26.46278672,56.27474495,-9.234567665,-2.126470588,202112,"12"
"307","2020",79,"Ethiopia",1233,"Hareri","NO",3000,"Member State",1994,0.030516708,0.763939268,-3.111947587,-2.188235294,202010,"10"
"308","2020",79,"Ethiopia",1233,"Hareri","NO",3000,"Member State",1994,0.030516708,0.763939268,-3.259560608,-2.219117647,202008,"08"
"309","2018",79,"Ethiopia",1228,"Afar","NO",3000,"Member State",1994,7.901858137,17.19187629,-4.96586044,-2.229411765,201802,"02"
"310","2019",79,"Ethiopia",1232,"Gambela","NO",3000,"Member State",1994,2.516956145,10.97660878,-9.282252856,-2.229411765,201911,"11"
"311","2019",79,"Ethiopia",1232,"Gambela","NO",3000,"Member State",1994,2.516956145,10.97660878,-9.166238339,-2.229411765,201912,"12"
"312","2019",79,"Ethiopia",47679,"Somali","NO",3000,"Member State",1998,25.60629081,36.2466571,-5.232411868,-2.229411765,201902,"02"
"313","2019",79,"Ethiopia",47679,"Somali","NO",3000,"Member State",1998,25.60629081,36.2466571,-7.760442631,-2.229411765,201907,"07"
"314","2021",79,"Ethiopia",47679,"Somali","NO",3000,"Member State",1998,25.60629081,36.2466571,-8.987599975,-2.239705882,202106,"06"
"315","2021",79,"Ethiopia",1228,"Afar","NO",3000,"Member State",1994,7.901858137,17.19187629,-7.48328579,-2.25,202104,"04"
"316","2021",79,"Ethiopia",1231,"Dire Dawa","NO",3000,"Member State",1998,0.08677634,1.696148857,-5.326897014,-2.25,202107,"07"
"317","2018",79,"Ethiopia",47678,"Oromia","NO",3000,"Member State",1994,26.46278672,56.27474495,-6.034814887,-2.332352941,201811,"11"
"318","2018",79,"Ethiopia",1237,"Tigray","NO",3000,"Member State",1994,4.332836054,16.70116389,-4.229163254,-2.332352941,201807,"07"
"319","2021",79,"Ethiopia",47679,"Somali","NO",3000,"Member State",1998,25.60629081,36.2466571,-7.978556528,-2.363235294,202103,"03"
"320","2018",79,"Ethiopia",1229,"Amhara","NO",3000,"Member State",1994,12.87963465,26.99781233,-5.100356254,-2.435294118,201805,"05"
"321","2018",79,"Ethiopia",47678,"Oromia","NO",3000,"Member State",1994,26.46278672,56.27474495,-6.137998498,-2.435294118,201812,"12"
"322","2020",79,"Ethiopia",1228,"Afar","NO",3000,"Member State",1994,7.901858137,17.19187629,-7.46558639,-2.455882353,202002,"02"
"323","2022",79,"Ethiopia",1229,"Amhara","NO",3000,"Member State",1994,12.87963465,26.99781233,-8.699963536,-2.486764706,202204,"04"
"324","2020",79,"Ethiopia",1233,"Hareri","NO",3000,"Member State",1994,0.030516708,0.763939268,-3.360208074,-2.486764706,202011,"11"
"325","2022",79,"Ethiopia",1236,"SNNPR","NO",3000,"Member State",1994,8.874419918,24.36957451,-10.03531651,-2.507352941,202204,"04"
"326","2021",79,"Ethiopia",47679,"Somali","NO",3000,"Member State",1998,25.60629081,36.2466571,-10.06397546,-2.517647059,202110,"10"
"327","2021",79,"Ethiopia",1231,"Dire Dawa","NO",3000,"Member State",1998,0.08677634,1.696148857,-5.5350074,-2.527941176,202105,"05"
"328","2019",79,"Ethiopia",1229,"Amhara","NO",3000,"Member State",1994,12.87963465,26.99781233,-6.138154485,-2.538235294,201905,"05"
"329","2018",79,"Ethiopia",1233,"Hareri","NO",3000,"Member State",1994,0.030516708,0.763939268,-2.99390858,-2.538235294,201802,"02"
"330","2019",79,"Ethiopia",1236,"SNNPR","NO",3000,"Member State",1994,8.874419918,24.36957451,-9.389977071,-2.538235294,201909,"09"
"331","2022",79,"Ethiopia",1236,"SNNPR","NO",3000,"Member State",1994,8.874419918,24.36957451,-9.907361178,-2.548529412,202211,"11"
"332","2022",79,"Ethiopia",1236,"SNNPR","NO",3000,"Member State",1994,8.874419918,24.36957451,-9.849243742,-2.579411765,202212,"12"
"333","2021",79,"Ethiopia",1236,"SNNPR","NO",3000,"Member State",1994,8.874419918,24.36957451,-9.136248339,-2.630882353,202111,"11"
"334","2019",79,"Ethiopia",1229,"Amhara","NO",3000,"Member State",1994,12.87963465,26.99781233,-6.109521884,-2.641176471,201904,"04"
"335","2018",79,"Ethiopia",1230,"Beneshangul Gumu","NO",3000,"Member State",1994,4.132826577,15.90196962,-5.793248784,-2.641176471,201811,"11"
"336","2018",79,"Ethiopia",1236,"SNNPR","NO",3000,"Member State",1994,8.874419918,24.36957451,-7.711845356,-2.641176471,201804,"04"
"337","2020",79,"Ethiopia",1227,"Addis Ababa","NO",3000,"Member State",1994,0.04435639,1.070744784,-5.903894343,-2.651470588,202009,"09"
"338","2020",79,"Ethiopia",1231,"Dire Dawa","NO",3000,"Member State",1998,0.08677634,1.696148857,-4.874734578,-2.651470588,202004,"04"
"339","2022",79,"Ethiopia",47679,"Somali","NO",3000,"Member State",1998,25.60629081,36.2466571,-10.25764094,-2.672058824,202203,"03"
"340","2022",79,"Ethiopia",1230,"Beneshangul Gumu","NO",3000,"Member State",1994,4.132826577,15.90196962,-10.29670468,-2.682352941,202210,"10"
"341","2021",79,"Ethiopia",47679,"Somali","NO",3000,"Member State",1998,25.60629081,36.2466571,-8.192115455,-2.682352941,202104,"04"
"342","2020",79,"Ethiopia",1231,"Dire Dawa","NO",3000,"Member State",1998,0.08677634,1.696148857,-3.440432442,-2.702941176,202009,"09"
"343","2020",79,"Ethiopia",1232,"Gambela","NO",3000,"Member State",1994,2.516956145,10.97660878,-9.468541669,-2.723529412,202003,"03"
"344","2019",79,"Ethiopia",47678,"Oromia","NO",3000,"Member State",1994,26.46278672,56.27474495,-6.822565779,-2.744117647,201901,"01"
"345","2018",79,"Ethiopia",1236,"SNNPR","NO",3000,"Member State",1994,8.874419918,24.36957451,-6.32697445,-2.744117647,201811,"11"
"346","2018",79,"Ethiopia",1237,"Tigray","NO",3000,"Member State",1994,4.332836054,16.70116389,-4.82362632,-2.744117647,201806,"06"
"347","2019",79,"Ethiopia",47679,"Somali","NO",3000,"Member State",1998,25.60629081,36.2466571,-8.293974259,-2.744117647,201904,"04"
"348","2022",79,"Ethiopia",47678,"Oromia","NO",3000,"Member State",1994,26.46278672,56.27474495,-9.100770265,-2.785294118,202201,"01"
"349","2022",79,"Ethiopia",1230,"Beneshangul Gumu","NO",3000,"Member State",1994,4.132826577,15.90196962,-10.07321527,-2.795588235,202212,"12"
"350","2020",79,"Ethiopia",1231,"Dire Dawa","NO",3000,"Member State",1998,0.08677634,1.696148857,-4.796501507,-2.805882353,202003,"03"
"351","2020",79,"Ethiopia",1227,"Addis Ababa","NO",3000,"Member State",1994,0.04435639,1.070744784,-6.195935705,-2.826470588,202008,"08"
"352","2018",79,"Ethiopia",1229,"Amhara","NO",3000,"Member State",1994,12.87963465,26.99781233,-5.109013835,-2.847058824,201802,"02"
"353","2018",79,"Ethiopia",1230,"Beneshangul Gumu","NO",3000,"Member State",1994,4.132826577,15.90196962,-5.857716551,-2.847058824,201810,"10"
"354","2019",79,"Ethiopia",1237,"Tigray","NO",3000,"Member State",1994,4.332836054,16.70116389,-5.207074281,-2.847058824,201904,"04"
"355","2019",79,"Ethiopia",47679,"Somali","NO",3000,"Member State",1998,25.60629081,36.2466571,-6.331075637,-2.847058824,201903,"03"
"356","2020",79,"Ethiopia",1237,"Tigray","NO",3000,"Member State",1994,4.332836054,16.70116389,-7.054530564,-2.877941176,202006,"06"
"357","2020",79,"Ethiopia",1233,"Hareri","NO",3000,"Member State",1994,0.030516708,0.763939268,-3.681503223,-2.888235294,202012,"12"
"358","2020",79,"Ethiopia",1231,"Dire Dawa","NO",3000,"Member State",1998,0.08677634,1.696148857,-4.798028266,-2.888235294,202006,"06"
"359","2022",79,"Ethiopia",1237,"Tigray","NO",3000,"Member State",1994,4.332836054,16.70116389,-9.03696988,-2.929411765,202204,"04"
"360","2018",79,"Ethiopia",1229,"Amhara","NO",3000,"Member State",1994,12.87963465,26.99781233,-5.148752958,-2.95,201801,"01"
"361","2018",79,"Ethiopia",1230,"Beneshangul Gumu","NO",3000,"Member State",1994,4.132826577,15.90196962,-6.056591538,-2.95,201809,"09"
"362","2018",79,"Ethiopia",1236,"SNNPR","NO",3000,"Member State",1994,8.874419918,24.36957451,-7.489478943,-2.95,201803,"03"
"363","2019",79,"Ethiopia",47679,"Somali","NO",3000,"Member State",1998,25.60629081,36.2466571,-8.031092549,-2.95,201905,"05"
"364","2019",79,"Ethiopia",47679,"Somali","NO",3000,"Member State",1998,25.60629081,36.2466571,-7.966342063,-2.95,201908,"08"
"365","2021",79,"Ethiopia",1232,"Gambela","NO",3000,"Member State",1994,2.516956145,10.97660878,-8.740114022,-2.960294118,202102,"02"
"366","2020",79,"Ethiopia",1227,"Addis Ababa","NO",3000,"Member State",1994,0.04435639,1.070744784,-6.009461002,-3.022058824,202010,"10"
"367","2022",79,"Ethiopia",1230,"Beneshangul Gumu","NO",3000,"Member State",1994,4.132826577,15.90196962,-10.29625719,-3.022058824,202211,"11"
"368","2019",79,"Ethiopia",1236,"SNNPR","NO",3000,"Member State",1994,8.874419918,24.36957451,-6.654230775,-3.052941176,201901,"01"
"369","2018",79,"Ethiopia",1231,"Dire Dawa","NO",3000,"Member State",1998,0.08677634,1.696148857,-3.566241332,-3.052941176,201802,"02"
"370","2020",79,"Ethiopia",1231,"Dire Dawa","NO",3000,"Member State",1998,0.08677634,1.696148857,-5.544793388,-3.073529412,202005,"05"
"371","2021",79,"Ethiopia",1227,"Addis Ababa","NO",3000,"Member State",1994,0.04435639,1.070744784,-3.664154557,-3.176470588,202111,"11"
"372","2018",79,"Ethiopia",1230,"Beneshangul Gumu","NO",3000,"Member State",1994,4.132826577,15.90196962,-6.522661153,-3.258823529,201808,"08"
"373","2018",79,"Ethiopia",1230,"Beneshangul Gumu","NO",3000,"Member State",1994,4.132826577,15.90196962,-5.847624516,-3.258823529,201812,"12"
"374","2022",79,"Ethiopia",1227,"Addis Ababa","NO",3000,"Member State",1994,0.04435639,1.070744784,-6.427686304,-3.289705882,202210,"10"
"375","2021",79,"Ethiopia",47679,"Somali","NO",3000,"Member State",1998,25.60629081,36.2466571,-10.72394955,-3.320588235,202111,"11"
"376","2019",79,"Ethiopia",1228,"Afar","NO",3000,"Member State",1994,7.901858137,17.19187629,-9.110523696,-3.361764706,201903,"03"
"377","2020",79,"Ethiopia",1232,"Gambela","NO",3000,"Member State",1994,2.516956145,10.97660878,-10.10511165,-3.361764706,202004,"04"
"378","2018",79,"Ethiopia",1237,"Tigray","NO",3000,"Member State",1994,4.332836054,16.70116389,-6.102321923,-3.361764706,201803,"03"
"379","2019",79,"Ethiopia",1237,"Tigray","NO",3000,"Member State",1994,4.332836054,16.70116389,-4.971392481,-3.361764706,201905,"05"
"380","2018",79,"Ethiopia",1231,"Dire Dawa","NO",3000,"Member State",1998,0.08677634,1.696148857,-3.774826751,-3.361764706,201808,"08"
"381","2021",79,"Ethiopia",1231,"Dire Dawa","NO",3000,"Member State",1998,0.08677634,1.696148857,-6.377381973,-3.361764706,202106,"06"
"382","2022",79,"Ethiopia",1227,"Addis Ababa","NO",3000,"Member State",1994,0.04435639,1.070744784,-6.948455211,-3.392647059,202209,"09"
"383","2021",79,"Ethiopia",1231,"Dire Dawa","NO",3000,"Member State",1998,0.08677634,1.696148857,-6.611292985,-3.433823529,202108,"08"
"384","2022",79,"Ethiopia",1228,"Afar","NO",3000,"Member State",1994,7.901858137,17.19187629,-8.260864205,-3.444117647,202202,"02"
"385","2018",79,"Ethiopia",1230,"Beneshangul Gumu","NO",3000,"Member State",1994,4.132826577,15.90196962,-7.295683385,-3.464705882,201806,"06"
"386","2019",79,"Ethiopia",1230,"Beneshangul Gumu","NO",3000,"Member State",1994,4.132826577,15.90196962,-9.964435429,-3.464705882,201912,"12"
"387","2018",79,"Ethiopia",1232,"Gambela","NO",3000,"Member State",1994,2.516956145,10.97660878,-9.089421928,-3.464705882,201806,"06"
"388","2019",79,"Ethiopia",1233,"Hareri","NO",3000,"Member State",1994,0.030516708,0.763939268,-5.067240357,-3.464705882,201912,"12"
"389","2019",79,"Ethiopia",47678,"Oromia","NO",3000,"Member State",1994,26.46278672,56.27474495,-9.00686948,-3.464705882,201906,"06"
"390","2018",79,"Ethiopia",1236,"SNNPR","NO",3000,"Member State",1994,8.874419918,24.36957451,-7.770929694,-3.464705882,201802,"02"
"391","2018",79,"Ethiopia",1237,"Tigray","NO",3000,"Member State",1994,4.332836054,16.70116389,-6.075866309,-3.464705882,201801,"01"
"392","2018",79,"Ethiopia",1237,"Tigray","NO",3000,"Member State",1994,4.332836054,16.70116389,-6.416321552,-3.464705882,201804,"04"
"393","2018",79,"Ethiopia",1231,"Dire Dawa","NO",3000,"Member State",1998,0.08677634,1.696148857,-3.834432702,-3.464705882,201807,"07"
"394","2022",79,"Ethiopia",1230,"Beneshangul Gumu","NO",3000,"Member State",1994,4.132826577,15.90196962,-10.86107747,-3.485294118,202209,"09"
"395","2020",79,"Ethiopia",1230,"Beneshangul Gumu","NO",3000,"Member State",1994,4.132826577,15.90196962,-9.701777627,-3.495588235,202001,"01"
"396","2020",79,"Ethiopia",1227,"Addis Ababa","NO",3000,"Member State",1994,0.04435639,1.070744784,-6.972299288,-3.516176471,202007,"07"
"397","2022",79,"Ethiopia",1230,"Beneshangul Gumu","NO",3000,"Member State",1994,4.132826577,15.90196962,-11.53346402,-3.526470588,202208,"08"
"398","2021",79,"Ethiopia",1233,"Hareri","NO",3000,"Member State",1994,0.030516708,0.763939268,-4.303962869,-3.557352941,202101,"01"
"399","2019",79,"Ethiopia",1230,"Beneshangul Gumu","NO",3000,"Member State",1994,4.132826577,15.90196962,-6.017692288,-3.567647059,201901,"01"
"400","2018",79,"Ethiopia",1233,"Hareri","NO",3000,"Member State",1994,0.030516708,0.763939268,-3.778150926,-3.567647059,201807,"07"
"401","2018",79,"Ethiopia",1233,"Hareri","NO",3000,"Member State",1994,0.030516708,0.763939268,-3.872051142,-3.567647059,201808,"08"
"402","2021",79,"Ethiopia",1236,"SNNPR","NO",3000,"Member State",1994,8.874419918,24.36957451,-9.510165632,-3.567647059,202112,"12"
"403","2020",79,"Ethiopia",1230,"Beneshangul Gumu","NO",3000,"Member State",1994,4.132826577,15.90196962,-9.4687951,-3.619117647,202002,"02"
"404","2020",79,"Ethiopia",1227,"Addis Ababa","NO",3000,"Member State",1994,0.04435639,1.070744784,-6.308312994,-3.639705882,202011,"11"
"405","2022",79,"Ethiopia",1227,"Addis Ababa","NO",3000,"Member State",1994,0.04435639,1.070744784,-6.419574996,-3.639705882,202211,"11"
"406","2018",79,"Ethiopia",1233,"Hareri","NO",3000,"Member State",1994,0.030516708,0.763939268,-4.014716589,-3.670588235,201801,"01"
"407","2018",79,"Ethiopia",1237,"Tigray","NO",3000,"Member State",1994,4.332836054,16.70116389,-6.253598866,-3.670588235,201802,"02"
"408","2018",79,"Ethiopia",1237,"Tigray","NO",3000,"Member State",1994,4.332836054,16.70116389,-6.001321285,-3.670588235,201805,"05"
"409","2021",79,"Ethiopia",1230,"Beneshangul Gumu","NO",3000,"Member State",1994,4.132826577,15.90196962,-9.929280477,-3.691176471,202105,"05"
"410","2020",79,"Ethiopia",1231,"Dire Dawa","NO",3000,"Member State",1998,0.08677634,1.696148857,-4.275866282,-3.701470588,202010,"10"
"411","2021",79,"Ethiopia",47679,"Somali","NO",3000,"Member State",1998,25.60629081,36.2466571,-10.58364255,-3.742647059,202112,"12"
"412","2020",79,"Ethiopia",1228,"Afar","NO",3000,"Member State",1994,7.901858137,17.19187629,-8.080955437,-3.763235294,202003,"03"
"413","2019",79,"Ethiopia",1228,"Afar","NO",3000,"Member State",1994,7.901858137,17.19187629,-8.460794746,-3.773529412,201905,"05"
"414","2018",79,"Ethiopia",1230,"Beneshangul Gumu","NO",3000,"Member State",1994,4.132826577,15.90196962,-7.333728285,-3.773529412,201807,"07"
"415","2019",79,"Ethiopia",1230,"Beneshangul Gumu","NO",3000,"Member State",1994,4.132826577,15.90196962,-6.16974178,-3.773529412,201902,"02"
"416","2019",79,"Ethiopia",47678,"Oromia","NO",3000,"Member State",1994,26.46278672,56.27474495,-7.525696515,-3.773529412,201902,"02"
"417","2019",79,"Ethiopia",47678,"Oromia","NO",3000,"Member State",1994,26.46278672,56.27474495,-9.184334012,-3.773529412,201907,"07"
"418","2021",79,"Ethiopia",1227,"Addis Ababa","NO",3000,"Member State",1994,0.04435639,1.070744784,-4.12261733,-3.804411765,202112,"12"
"419","2022",79,"Ethiopia",1227,"Addis Ababa","NO",3000,"Member State",1994,0.04435639,1.070744784,-6.300480467,-3.804411765,202212,"12"
"420","2020",79,"Ethiopia",1232,"Gambela","NO",3000,"Member State",1994,2.516956145,10.97660878,-10.14477304,-3.814705882,202006,"06"
"421","2020",79,"Ethiopia",1233,"Hareri","NO",3000,"Member State",1994,0.030516708,0.763939268,-5.25934782,-3.845588235,202001,"01"
"422","2018",79,"Ethiopia",1232,"Gambela","NO",3000,"Member State",1994,2.516956145,10.97660878,-8.94378703,-3.876470588,201807,"07"
"423","2018",79,"Ethiopia",1232,"Gambela","NO",3000,"Member State",1994,2.516956145,10.97660878,-8.593668889,-3.876470588,201808,"08"
"424","2020",79,"Ethiopia",1228,"Afar","NO",3000,"Member State",1994,7.901858137,17.19187629,-8.05308844,-3.907352941,202004,"04"
"425","2019",79,"Ethiopia",47678,"Oromia","NO",3000,"Member State",1994,26.46278672,56.27474495,-9.234866504,-3.979411765,201905,"05"
"426","2022",79,"Ethiopia",47679,"Somali","NO",3000,"Member State",1998,25.60629081,36.2466571,-10.18870858,-3.979411765,202201,"01"
"427","2020",79,"Ethiopia",1227,"Addis Ababa","NO",3000,"Member State",1994,0.04435639,1.070744784,-6.506350524,-4.010294118,202012,"12"
"428","2022",79,"Ethiopia",47678,"Oromia","NO",3000,"Member State",1994,26.46278672,56.27474495,-9.504252157,-4.020588235,202202,"02"
"429","2020",79,"Ethiopia",1231,"Dire Dawa","NO",3000,"Member State",1998,0.08677634,1.696148857,-4.490895911,-4.020588235,202011,"11"
"430","2022",79,"Ethiopia",1236,"SNNPR","NO",3000,"Member State",1994,8.874419918,24.36957451,-10.84659173,-4.072058824,202205,"05"
"431","2019",79,"Ethiopia",1236,"SNNPR","NO",3000,"Member State",1994,8.874419918,24.36957451,-7.771771564,-4.082352941,201902,"02"
"432","2018",79,"Ethiopia",1231,"Dire Dawa","NO",3000,"Member State",1998,0.08677634,1.696148857,-4.982669747,-4.082352941,201801,"01"
"433","2022",79,"Ethiopia",1227,"Addis Ababa","NO",3000,"Member State",1994,0.04435639,1.070744784,-4.383190923,-4.092647059,202201,"01"
"434","2022",79,"Ethiopia",1229,"Amhara","NO",3000,"Member State",1994,12.87963465,26.99781233,-10.06976028,-4.092647059,202205,"05"
"435","2022",79,"Ethiopia",47679,"Somali","NO",3000,"Member State",1998,25.60629081,36.2466571,-11.72245853,-4.102941176,202204,"04"
"436","2020",79,"Ethiopia",1228,"Afar","NO",3000,"Member State",1994,7.901858137,17.19187629,-7.864844933,-4.113235294,202005,"05"
"437","2021",79,"Ethiopia",1230,"Beneshangul Gumu","NO",3000,"Member State",1994,4.132826577,15.90196962,-10.55974489,-4.164705882,202107,"07"
"438","2021",79,"Ethiopia",1231,"Dire Dawa","NO",3000,"Member State",1998,0.08677634,1.696148857,-6.928443719,-4.175,202110,"10"
"439","2019",79,"Ethiopia",47678,"Oromia","NO",3000,"Member State",1994,26.46278672,56.27474495,-9.070449861,-4.185294118,201904,"04"
"440","2019",79,"Ethiopia",1230,"Beneshangul Gumu","NO",3000,"Member State",1994,4.132826577,15.90196962,-6.923267608,-4.288235294,201903,"03"
"441","2021",79,"Ethiopia",1233,"Hareri","NO",3000,"Member State",1994,0.030516708,0.763939268,-5.788315384,-4.35,202102,"02"
"442","2021",79,"Ethiopia",1230,"Beneshangul Gumu","NO",3000,"Member State",1994,4.132826577,15.90196962,-10.64538749,-4.380882353,202106,"06"
"443","2020",79,"Ethiopia",1231,"Dire Dawa","NO",3000,"Member State",1998,0.08677634,1.696148857,-5.126267693,-4.380882353,202012,"12"
"444","2019",79,"Ethiopia",1228,"Afar","NO",3000,"Member State",1994,7.901858137,17.19187629,-9.684770641,-4.391176471,201904,"04"
"445","2018",79,"Ethiopia",1232,"Gambela","NO",3000,"Member State",1994,2.516956145,10.97660878,-7.610403153,-4.391176471,201812,"12"
"446","2021",79,"Ethiopia",1230,"Beneshangul Gumu","NO",3000,"Member State",1994,4.132826577,15.90196962,-10.66269304,-4.411764706,202109,"09"
"447","2022",79,"Ethiopia",1237,"Tigray","NO",3000,"Member State",1994,4.332836054,16.70116389,-10.03148955,-4.422058824,202205,"05"
"448","2021",79,"Ethiopia",1227,"Addis Ababa","NO",3000,"Member State",1994,0.04435639,1.070744784,-6.81845515,-4.473529412,202101,"01"
"449","2018",79,"Ethiopia",1227,"Addis Ababa","NO",3000,"Member State",1994,0.04435639,1.070744784,-5.166331704,-4.494117647,201803,"03"
"450","2021",79,"Ethiopia",1232,"Gambela","NO",3000,"Member State",1994,2.516956145,10.97660878,-9.3046584,-4.494117647,202103,"03"
"451","2019",79,"Ethiopia",47678,"Oromia","NO",3000,"Member State",1994,26.46278672,56.27474495,-9.378107712,-4.494117647,201908,"08"
"452","2018",79,"Ethiopia",1236,"SNNPR","NO",3000,"Member State",1994,8.874419918,24.36957451,-7.831636797,-4.494117647,201801,"01"
"453","2022",79,"Ethiopia",1229,"Amhara","NO",3000,"Member State",1994,12.87963465,26.99781233,-10.19415267,-4.514705882,202206,"06"
"454","2020",79,"Ethiopia",1230,"Beneshangul Gumu","NO",3000,"Member State",1994,4.132826577,15.90196962,-9.804776408,-4.597058824,202003,"03"
"455","2018",79,"Ethiopia",1232,"Gambela","NO",3000,"Member State",1994,2.516956145,10.97660878,-8.518769945,-4.597058824,201809,"09"
"456","2018",79,"Ethiopia",1232,"Gambela","NO",3000,"Member State",1994,2.516956145,10.97660878,-8.030262882,-4.597058824,201810,"10"
"457","2020",79,"Ethiopia",1233,"Hareri","NO",3000,"Member State",1994,0.030516708,0.763939268,-5.997505579,-4.597058824,202002,"02"
"458","2021",79,"Ethiopia",1230,"Beneshangul Gumu","NO",3000,"Member State",1994,4.132826577,15.90196962,-10.80767691,-4.607352941,202108,"08"
"459","2020",79,"Ethiopia",1233,"Hareri","NO",3000,"Member State",1994,0.030516708,0.763939268,-4.782229242,-4.617647059,202007,"07"
"460","2021",79,"Ethiopia",1231,"Dire Dawa","NO",3000,"Member State",1998,0.08677634,1.696148857,-7.759151841,-4.679411765,202109,"09"
"461","2021",79,"Ethiopia",1231,"Dire Dawa","NO",3000,"Member State",1998,0.08677634,1.696148857,-7.240148633,-4.741176471,202111,"11"
"462","2020",79,"Ethiopia",1232,"Gambela","NO",3000,"Member State",1994,2.516956145,10.97660878,-10.96416759,-4.792647059,202005,"05"
"463","2018",79,"Ethiopia",1232,"Gambela","NO",3000,"Member State",1994,2.516956145,10.97660878,-7.842187679,-4.802941176,201811,"11"
"464","2018",79,"Ethiopia",1233,"Hareri","NO",3000,"Member State",1994,0.030516708,0.763939268,-7.268472249,-4.802941176,201809,"09"
"465","2022",79,"Ethiopia",1236,"SNNPR","NO",3000,"Member State",1994,8.874419918,24.36957451,-11.31841281,-4.854411765,202206,"06"
"466","2018",79,"Ethiopia",1227,"Addis Ababa","NO",3000,"Member State",1994,0.04435639,1.070744784,-5.833316785,-4.905882353,201801,"01"
"467","2018",79,"Ethiopia",1227,"Addis Ababa","NO",3000,"Member State",1994,0.04435639,1.070744784,-5.721833429,-4.905882353,201802,"02"
"468","2018",79,"Ethiopia",1231,"Dire Dawa","NO",3000,"Member State",1998,0.08677634,1.696148857,-7.607890763,-4.905882353,201809,"09"
"469","2022",79,"Ethiopia",1228,"Afar","NO",3000,"Member State",1994,7.901858137,17.19187629,-9.350834993,-4.916176471,202203,"03"
"470","2021",79,"Ethiopia",1231,"Dire Dawa","NO",3000,"Member State",1998,0.08677634,1.696148857,-6.794158526,-4.936764706,202101,"01"
"471","2018",79,"Ethiopia",1227,"Addis Ababa","NO",3000,"Member State",1994,0.04435639,1.070744784,-5.838174723,-5.317647059,201804,"04"
"472","2018",79,"Ethiopia",1227,"Addis Ababa","NO",3000,"Member State",1994,0.04435639,1.070744784,-6.335819203,-5.317647059,201808,"08"
"473","2018",79,"Ethiopia",1227,"Addis Ababa","NO",3000,"Member State",1994,0.04435639,1.070744784,-5.739494031,-5.420588235,201806,"06"
"474","2020",79,"Ethiopia",1233,"Hareri","NO",3000,"Member State",1994,0.030516708,0.763939268,-6.274409077,-5.451470588,202004,"04"
"475","2018",79,"Ethiopia",1227,"Addis Ababa","NO",3000,"Member State",1994,0.04435639,1.070744784,-6.00595112,-5.626470588,201805,"05"
"476","2020",79,"Ethiopia",1233,"Hareri","NO",3000,"Member State",1994,0.030516708,0.763939268,-6.563818555,-5.811764706,202003,"03"
"477","2019",79,"Ethiopia",1232,"Gambela","NO",3000,"Member State",1994,2.516956145,10.97660878,-7.769122102,-5.832352941,201901,"01"
"478","2019",79,"Ethiopia",47678,"Oromia","NO",3000,"Member State",1994,26.46278672,56.27474495,-8.360907322,-6.141176471,201903,"03"
"479","2021",79,"Ethiopia",1227,"Addis Ababa","NO",3000,"Member State",1994,0.04435639,1.070744784,-6.410898415,-6.182352941,202110,"10"
"480","2018",79,"Ethiopia",1227,"Addis Ababa","NO",3000,"Member State",1994,0.04435639,1.070744784,-6.632342958,-6.244117647,201807,"07"
"481","2019",79,"Ethiopia",1230,"Beneshangul Gumu","NO",3000,"Member State",1994,4.132826577,15.90196962,-10.05747669,-6.244117647,201911,"11"
"482","2022",79,"Ethiopia",1227,"Addis Ababa","NO",3000,"Member State",1994,0.04435639,1.070744784,-6.60452304,-6.316176471,202202,"02"
"483","2022",79,"Ethiopia",1227,"Addis Ababa","NO",3000,"Member State",1994,0.04435639,1.070744784,-7.402723155,-6.326470588,202208,"08"
"484","2022",79,"Ethiopia",47678,"Oromia","NO",3000,"Member State",1994,26.46278672,56.27474495,-11.17002995,-6.367647059,202206,"06"
"485","2021",79,"Ethiopia",1230,"Beneshangul Gumu","NO",3000,"Member State",1994,4.132826577,15.90196962,-11.22319179,-6.419117647,202110,"10"
"486","2022",79,"Ethiopia",1230,"Beneshangul Gumu","NO",3000,"Member State",1994,4.132826577,15.90196962,-11.10331615,-6.439705882,202204,"04"
"487","2020",79,"Ethiopia",1233,"Hareri","NO",3000,"Member State",1994,0.030516708,0.763939268,-6.675923238,-6.439705882,202005,"05"
"488","2022",79,"Ethiopia",47678,"Oromia","NO",3000,"Member State",1994,26.46278672,56.27474495,-10.21975354,-6.439705882,202204,"04"
"489","2019",79,"Ethiopia",1230,"Beneshangul Gumu","NO",3000,"Member State",1994,4.132826577,15.90196962,-9.790692,-6.45,201910,"10"
"490","2019",79,"Ethiopia",1232,"Gambela","NO",3000,"Member State",1994,2.516956145,10.97660878,-8.087836618,-6.45,201902,"02"
"491","2019",79,"Ethiopia",1231,"Dire Dawa","NO",3000,"Member State",1998,0.08677634,1.696148857,-7.393627324,-6.45,201908,"08"
"492","2022",79,"Ethiopia",1236,"SNNPR","NO",3000,"Member State",1994,8.874419918,24.36957451,-11.72365279,-6.460294118,202207,"07"
"493","2020",79,"Ethiopia",1233,"Hareri","NO",3000,"Member State",1994,0.030516708,0.763939268,-6.736597455,-6.491176471,202006,"06"
"494","2021",79,"Ethiopia",1230,"Beneshangul Gumu","NO",3000,"Member State",1994,4.132826577,15.90196962,-11.65178261,-6.532352941,202111,"11"
"495","2018",79,"Ethiopia",1230,"Beneshangul Gumu","NO",3000,"Member State",1994,4.132826577,15.90196962,-8.607775548,-6.552941176,201801,"01"
"496","2018",79,"Ethiopia",1230,"Beneshangul Gumu","NO",3000,"Member State",1994,4.132826577,15.90196962,-8.54055109,-6.552941176,201802,"02"
"497","2019",79,"Ethiopia",1230,"Beneshangul Gumu","NO",3000,"Member State",1994,4.132826577,15.90196962,-7.849565649,-6.552941176,201904,"04"
"498","2019",79,"Ethiopia",1233,"Hareri","NO",3000,"Member State",1994,0.030516708,0.763939268,-7.092413585,-6.552941176,201911,"11"
"499","2019",79,"Ethiopia",1236,"SNNPR","NO",3000,"Member State",1994,8.874419918,24.36957451,-9.532277159,-6.552941176,201906,"06"
"500","2021",79,"Ethiopia",1230,"Beneshangul Gumu","NO",3000,"Member State",1994,4.132826577,15.90196962,-10.55889082,-6.594117647,202104,"04"
"501","2022",79,"Ethiopia",1230,"Beneshangul Gumu","NO",3000,"Member State",1994,4.132826577,15.90196962,-11.38680202,-6.625,202202,"02"
"502","2021",79,"Ethiopia",1227,"Addis Ababa","NO",3000,"Member State",1994,0.04435639,1.070744784,-7.238538239,-6.635294118,202102,"02"
"503","2018",79,"Ethiopia",1230,"Beneshangul Gumu","NO",3000,"Member State",1994,4.132826577,15.90196962,-8.709330031,-6.655882353,201803,"03"
"504","2020",79,"Ethiopia",1230,"Beneshangul Gumu","NO",3000,"Member State",1994,4.132826577,15.90196962,-10.69980891,-6.676470588,202009,"09"
"505","2020",79,"Ethiopia",1230,"Beneshangul Gumu","NO",3000,"Member State",1994,4.132826577,15.90196962,-10.77396009,-6.686764706,202010,"10"
"506","2020",79,"Ethiopia",1227,"Addis Ababa","NO",3000,"Member State",1994,0.04435639,1.070744784,-7.342285323,-6.697058824,202006,"06"
"507","2022",79,"Ethiopia",1230,"Beneshangul Gumu","NO",3000,"Member State",1994,4.132826577,15.90196962,-11.72319367,-6.697058824,202201,"01"
"508","2022",79,"Ethiopia",47678,"Oromia","NO",3000,"Member State",1994,26.46278672,56.27474495,-10.03417701,-6.717647059,202203,"03"
"509","2021",79,"Ethiopia",1230,"Beneshangul Gumu","NO",3000,"Member State",1994,4.132826577,15.90196962,-11.94708864,-6.738235294,202112,"12"
"510","2018",79,"Ethiopia",1230,"Beneshangul Gumu","NO",3000,"Member State",1994,4.132826577,15.90196962,-8.441461936,-6.758823529,201805,"05"
"511","2018",79,"Ethiopia",1231,"Dire Dawa","NO",3000,"Member State",1998,0.08677634,1.696148857,-7.006715076,-6.758823529,201811,"11"
"512","2018",79,"Ethiopia",1231,"Dire Dawa","NO",3000,"Member State",1998,0.08677634,1.696148857,-6.982365269,-6.758823529,201812,"12"
"513","2021",79,"Ethiopia",1231,"Dire Dawa","NO",3000,"Member State",1998,0.08677634,1.696148857,-7.372985202,-6.779411765,202102,"02"
"514","2020",79,"Ethiopia",1230,"Beneshangul Gumu","NO",3000,"Member State",1994,4.132826577,15.90196962,-10.67133841,-6.851470588,202008,"08"
"515","2018",79,"Ethiopia",1227,"Addis Ababa","NO",3000,"Member State",1994,0.04435639,1.070744784,-7.64265072,-6.861764706,201809,"09"
"516","2021",79,"Ethiopia",1230,"Beneshangul Gumu","NO",3000,"Member State",1994,4.132826577,15.90196962,-10.82828325,-6.861764706,202103,"03"
"517","2021",79,"Ethiopia",1231,"Dire Dawa","NO",3000,"Member State",1998,0.08677634,1.696148857,-7.531235697,-6.892647059,202112,"12"
"518","2021",79,"Ethiopia",1230,"Beneshangul Gumu","NO",3000,"Member State",1994,4.132826577,15.90196962,-11.19516468,-6.913235294,202101,"01"
"519","2021",79,"Ethiopia",1230,"Beneshangul Gumu","NO",3000,"Member State",1994,4.132826577,15.90196962,-10.93966024,-6.913235294,202102,"02"
"520","2020",79,"Ethiopia",1230,"Beneshangul Gumu","NO",3000,"Member State",1994,4.132826577,15.90196962,-11.4288385,-6.964705882,202012,"12"
"521","2018",79,"Ethiopia",1233,"Hareri","NO",3000,"Member State",1994,0.030516708,0.763939268,-7.245876853,-6.964705882,201811,"11"
"522","2018",79,"Ethiopia",1233,"Hareri","NO",3000,"Member State",1994,0.030516708,0.763939268,-7.202105485,-6.964705882,201812,"12"
"523","2022",79,"Ethiopia",1231,"Dire Dawa","NO",3000,"Member State",1998,0.08677634,1.696148857,-7.580214464,-6.964705882,202201,"01"
"524","2020",79,"Ethiopia",1230,"Beneshangul Gumu","NO",3000,"Member State",1994,4.132826577,15.90196962,-10.39714816,-7.057352941,202004,"04"
"525","2021",79,"Ethiopia",1232,"Gambela","NO",3000,"Member State",1994,2.516956145,10.97660878,-11.23038242,-7.057352941,202109,"09"
"526","2019",79,"Ethiopia",1230,"Beneshangul Gumu","NO",3000,"Member State",1994,4.132826577,15.90196962,-8.643798481,-7.067647059,201906,"06"
"527","2019",79,"Ethiopia",1231,"Dire Dawa","NO",3000,"Member State",1998,0.08677634,1.696148857,-7.291460173,-7.067647059,201901,"01"
"528","2020",79,"Ethiopia",1230,"Beneshangul Gumu","NO",3000,"Member State",1994,4.132826577,15.90196962,-10.69723048,-7.077941176,202005,"05"
"529","2020",79,"Ethiopia",1230,"Beneshangul Gumu","NO",3000,"Member State",1994,4.132826577,15.90196962,-11.18525219,-7.098529412,202011,"11"
"530","2022",79,"Ethiopia",47679,"Somali","NO",3000,"Member State",1998,25.60629081,36.2466571,-10.20930049,-7.160294118,202202,"02"
"531","2021",79,"Ethiopia",1227,"Addis Ababa","NO",3000,"Member State",1994,0.04435639,1.070744784,-7.498488949,-7.170588235,202109,"09"
"532","2019",79,"Ethiopia",1232,"Gambela","NO",3000,"Member State",1994,2.516956145,10.97660878,-8.919990933,-7.170588235,201903,"03"
"533","2021",79,"Ethiopia",1233,"Hareri","NO",3000,"Member State",1994,0.030516708,0.763939268,-7.634086725,-7.201470588,202107,"07"
"534","2022",79,"Ethiopia",1230,"Beneshangul Gumu","NO",3000,"Member State",1994,4.132826577,15.90196962,-11.44360033,-7.211764706,202203,"03"
"535","2022",79,"Ethiopia",1230,"Beneshangul Gumu","NO",3000,"Member State",1994,4.132826577,15.90196962,-12.66387098,-7.211764706,202207,"07"
"536","2021",79,"Ethiopia",1233,"Hareri","NO",3000,"Member State",1994,0.030516708,0.763939268,-7.319997069,-7.222058824,202103,"03"
"537","2022",79,"Ethiopia",47678,"Oromia","NO",3000,"Member State",1994,26.46278672,56.27474495,-11.16366057,-7.242647059,202205,"05"
"538","2019",79,"Ethiopia",1230,"Beneshangul Gumu","NO",3000,"Member State",1994,4.132826577,15.90196962,-8.529326442,-7.273529412,201905,"05"
"539","2019",79,"Ethiopia",1233,"Hareri","NO",3000,"Member State",1994,0.030516708,0.763939268,-7.525585349,-7.273529412,201901,"01"
"540","2019",79,"Ethiopia",1236,"SNNPR","NO",3000,"Member State",1994,8.874419918,24.36957451,-8.920827279,-7.273529412,201903,"03"
"541","2022",79,"Ethiopia",1227,"Addis Ababa","NO",3000,"Member State",1994,0.04435639,1.070744784,-7.403269167,-7.314705882,202203,"03"
"542","2018",79,"Ethiopia",1227,"Addis Ababa","NO",3000,"Member State",1994,0.04435639,1.070744784,-8.158795991,-7.376470588,201810,"10"
"543","2018",79,"Ethiopia",1230,"Beneshangul Gumu","NO",3000,"Member State",1994,4.132826577,15.90196962,-9.505284218,-7.376470588,201804,"04"
"544","2019",79,"Ethiopia",1230,"Beneshangul Gumu","NO",3000,"Member State",1994,4.132826577,15.90196962,-9.119927514,-7.376470588,201907,"07"
"545","2018",79,"Ethiopia",1232,"Gambela","NO",3000,"Member State",1994,2.516956145,10.97660878,-9.586637612,-7.376470588,201805,"05"
"546","2018",79,"Ethiopia",1233,"Hareri","NO",3000,"Member State",1994,0.030516708,0.763939268,-7.704510739,-7.376470588,201810,"10"
"547","2019",79,"Ethiopia",1233,"Hareri","NO",3000,"Member State",1994,0.030516708,0.763939268,-7.804990272,-7.376470588,201910,"10"
"548","2019",79,"Ethiopia",1233,"Hareri","NO",3000,"Member State",1994,0.030516708,0.763939268,-7.725563488,-7.479411765,201902,"02"
"549","2022",79,"Ethiopia",1231,"Dire Dawa","NO",3000,"Member State",1998,0.08677634,1.696148857,-8.060907789,-7.489705882,202202,"02"
"550","2020",79,"Ethiopia",1230,"Beneshangul Gumu","NO",3000,"Member State",1994,4.132826577,15.90196962,-11.37062132,-7.510294118,202007,"07"
"551","2022",79,"Ethiopia",1228,"Afar","NO",3000,"Member State",1994,7.901858137,17.19187629,-9.584101736,-7.520588235,202206,"06"
"552","2021",79,"Ethiopia",1233,"Hareri","NO",3000,"Member State",1994,0.030516708,0.763939268,-7.815606042,-7.541176471,202105,"05"
"553","2021",79,"Ethiopia",1231,"Dire Dawa","NO",3000,"Member State",1998,0.08677634,1.696148857,-8.251888779,-7.541176471,202103,"03"
"554","2022",79,"Ethiopia",1227,"Addis Ababa","NO",3000,"Member State",1994,0.04435639,1.070744784,-8.276207841,-7.572058824,202207,"07"
"555","2018",79,"Ethiopia",1227,"Addis Ababa","NO",3000,"Member State",1994,0.04435639,1.070744784,-8.197234072,-7.582352941,201811,"11"
"556","2019",79,"Ethiopia",1232,"Gambela","NO",3000,"Member State",1994,2.516956145,10.97660878,-9.624536955,-7.582352941,201906,"06"
"557","2018",79,"Ethiopia",1231,"Dire Dawa","NO",3000,"Member State",1998,0.08677634,1.696148857,-7.774191435,-7.582352941,201810,"10"
"558","2019",79,"Ethiopia",1231,"Dire Dawa","NO",3000,"Member State",1998,0.08677634,1.696148857,-7.63892692,-7.582352941,201902,"02"
"559","2021",79,"Ethiopia",1233,"Hareri","NO",3000,"Member State",1994,0.030516708,0.763939268,-7.663124224,-7.602941176,202104,"04"
"560","2020",79,"Ethiopia",1230,"Beneshangul Gumu","NO",3000,"Member State",1994,4.132826577,15.90196962,-11.37507772,-7.675,202006,"06"
"561","2022",79,"Ethiopia",1231,"Dire Dawa","NO",3000,"Member State",1998,0.08677634,1.696148857,-8.399431334,-7.675,202208,"08"
"562","2018",79,"Ethiopia",1227,"Addis Ababa","NO",3000,"Member State",1994,0.04435639,1.070744784,-8.269498918,-7.685294118,201812,"12"
"563","2020",79,"Ethiopia",1227,"Addis Ababa","NO",3000,"Member State",1994,0.04435639,1.070744784,-8.03106039,-7.685294118,202005,"05"
"564","2019",79,"Ethiopia",1230,"Beneshangul Gumu","NO",3000,"Member State",1994,4.132826577,15.90196962,-9.406902737,-7.685294118,201908,"08"
"565","2019",79,"Ethiopia",1230,"Beneshangul Gumu","NO",3000,"Member State",1994,4.132826577,15.90196962,-9.792311424,-7.685294118,201909,"09"
"566","2019",79,"Ethiopia",1231,"Dire Dawa","NO",3000,"Member State",1998,0.08677634,1.696148857,-8.105009483,-7.685294118,201906,"06"
"567","2022",79,"Ethiopia",1231,"Dire Dawa","NO",3000,"Member State",1998,0.08677634,1.696148857,-8.251208314,-7.705882353,202209,"09"
"568","2021",79,"Ethiopia",1231,"Dire Dawa","NO",3000,"Member State",1998,0.08677634,1.696148857,-8.38987629,-7.747058824,202104,"04"
"569","2022",79,"Ethiopia",1227,"Addis Ababa","NO",3000,"Member State",1994,0.04435639,1.070744784,-8.018488628,-7.788235294,202204,"04"
"570","2019",79,"Ethiopia",1236,"SNNPR","NO",3000,"Member State",1994,8.874419918,24.36957451,-9.662361504,-7.788235294,201904,"04"
"571","2021",79,"Ethiopia",1227,"Addis Ababa","NO",3000,"Member State",1994,0.04435639,1.070744784,-8.284343967,-7.85,202108,"08"
"572","2021",79,"Ethiopia",1227,"Addis Ababa","NO",3000,"Member State",1994,0.04435639,1.070744784,-8.377764597,-7.880882353,202103,"03"
"573","2021",79,"Ethiopia",1227,"Addis Ababa","NO",3000,"Member State",1994,0.04435639,1.070744784,-8.872300378,-7.880882353,202105,"05"
"574","2019",79,"Ethiopia",1233,"Hareri","NO",3000,"Member State",1994,0.030516708,0.763939268,-8.24617367,-7.891176471,201909,"09"
"575","2022",79,"Ethiopia",1237,"Tigray","NO",3000,"Member State",1994,4.332836054,16.70116389,-10.57287157,-7.901470588,202206,"06"
"576","2021",79,"Ethiopia",1233,"Hareri","NO",3000,"Member State",1994,0.030516708,0.763939268,-8.341118594,-7.922058824,202108,"08"
"577","2022",79,"Ethiopia",1231,"Dire Dawa","NO",3000,"Member State",1998,0.08677634,1.696148857,-8.211160179,-7.952941176,202212,"12"
"578","2022",79,"Ethiopia",1230,"Beneshangul Gumu","NO",3000,"Member State",1994,4.132826577,15.90196962,-12.52029515,-7.963235294,202205,"05"
"579","2019",79,"Ethiopia",1227,"Addis Ababa","NO",3000,"Member State",1994,0.04435639,1.070744784,-8.481937761,-7.994117647,201901,"01"
"580","2018",79,"Ethiopia",1232,"Gambela","NO",3000,"Member State",1994,2.516956145,10.97660878,-10.28848108,-7.994117647,201801,"01"
"581","2018",79,"Ethiopia",1232,"Gambela","NO",3000,"Member State",1994,2.516956145,10.97660878,-10.39221691,-7.994117647,201802,"02"
"582","2019",79,"Ethiopia",1232,"Gambela","NO",3000,"Member State",1994,2.516956145,10.97660878,-9.856779002,-7.994117647,201904,"04"
"583","2021",79,"Ethiopia",1232,"Gambela","NO",3000,"Member State",1994,2.516956145,10.97660878,-11.32511253,-7.994117647,202107,"07"
"584","2019",79,"Ethiopia",1233,"Hareri","NO",3000,"Member State",1994,0.030516708,0.763939268,-8.310018562,-7.994117647,201907,"07"
"585","2019",79,"Ethiopia",1233,"Hareri","NO",3000,"Member State",1994,0.030516708,0.763939268,-8.487885447,-7.994117647,201908,"08"
"586","2019",79,"Ethiopia",1236,"SNNPR","NO",3000,"Member State",1994,8.874419918,24.36957451,-10.24244638,-7.994117647,201905,"05"
"587","2022",79,"Ethiopia",1231,"Dire Dawa","NO",3000,"Member State",1998,0.08677634,1.696148857,-8.307885682,-7.994117647,202211,"11"
"588","2021",79,"Ethiopia",1232,"Gambela","NO",3000,"Member State",1994,2.516956145,10.97660878,-10.04091482,-8.004411765,202105,"05"
"589","2022",79,"Ethiopia",47679,"Somali","NO",3000,"Member State",1998,25.60629081,36.2466571,-12.54472384,-8.004411765,202206,"06"
"590","2021",79,"Ethiopia",1227,"Addis Ababa","NO",3000,"Member State",1994,0.04435639,1.070744784,-8.909344546,-8.025,202107,"07"
"591","2021",79,"Ethiopia",1233,"Hareri","NO",3000,"Member State",1994,0.030516708,0.763939268,-8.33486302,-8.045588235,202110,"10"
"592","2022",79,"Ethiopia",1231,"Dire Dawa","NO",3000,"Member State",1998,0.08677634,1.696148857,-8.413267388,-8.055882353,202210,"10"
"593","2021",79,"Ethiopia",1232,"Gambela","NO",3000,"Member State",1994,2.516956145,10.97660878,-11.94837346,-8.066176471,202110,"10"
"594","2019",79,"Ethiopia",1233,"Hareri","NO",3000,"Member State",1994,0.030516708,0.763939268,-8.246682657,-8.097058824,201903,"03"
"595","2019",79,"Ethiopia",1231,"Dire Dawa","NO",3000,"Member State",1998,0.08677634,1.696148857,-8.497642714,-8.097058824,201907,"07"
"596","2022",79,"Ethiopia",1230,"Beneshangul Gumu","NO",3000,"Member State",1994,4.132826577,15.90196962,-13.02610536,-8.117647059,202206,"06"
"597","2021",79,"Ethiopia",1227,"Addis Ababa","NO",3000,"Member State",1994,0.04435639,1.070744784,-8.74976903,-8.179411765,202106,"06"
"598","2018",79,"Ethiopia",1232,"Gambela","NO",3000,"Member State",1994,2.516956145,10.97660878,-10.25477376,-8.2,201803,"03"
"599","2019",79,"Ethiopia",1231,"Dire Dawa","NO",3000,"Member State",1998,0.08677634,1.696148857,-8.278098608,-8.2,201903,"03"
"600","2021",79,"Ethiopia",1227,"Addis Ababa","NO",3000,"Member State",1994,0.04435639,1.070744784,-8.839243095,-8.210294118,202104,"04"
"601","2021",79,"Ethiopia",1233,"Hareri","NO",3000,"Member State",1994,0.030516708,0.763939268,-8.452688731,-8.210294118,202112,"12"
"602","2022",79,"Ethiopia",1227,"Addis Ababa","NO",3000,"Member State",1994,0.04435639,1.070744784,-8.635237522,-8.272058824,202206,"06"
"603","2021",79,"Ethiopia",1233,"Hareri","NO",3000,"Member State",1994,0.030516708,0.763939268,-8.527178934,-8.282352941,202111,"11"
"604","2022",79,"Ethiopia",1233,"Hareri","NO",3000,"Member State",1994,0.030516708,0.763939268,-8.49240497,-8.282352941,202201,"01"
"605","2022",79,"Ethiopia",1231,"Dire Dawa","NO",3000,"Member State",1998,0.08677634,1.696148857,-8.980568245,-8.282352941,202207,"07"
"606","2022",79,"Ethiopia",1231,"Dire Dawa","NO",3000,"Member State",1998,0.08677634,1.696148857,-8.844013914,-8.292647059,202203,"03"
"607","2019",79,"Ethiopia",1227,"Addis Ababa","NO",3000,"Member State",1994,0.04435639,1.070744784,-8.962051184,-8.302941176,201907,"07"
"608","2019",79,"Ethiopia",1233,"Hareri","NO",3000,"Member State",1994,0.030516708,0.763939268,-8.503018603,-8.302941176,201906,"06"
"609","2019",79,"Ethiopia",1231,"Dire Dawa","NO",3000,"Member State",1998,0.08677634,1.696148857,-8.618058176,-8.302941176,201905,"05"
"610","2021",79,"Ethiopia",1232,"Gambela","NO",3000,"Member State",1994,2.516956145,10.97660878,-9.740033853,-8.333823529,202104,"04"
"611","2021",79,"Ethiopia",1233,"Hareri","NO",3000,"Member State",1994,0.030516708,0.763939268,-8.720624312,-8.457352941,202106,"06"
"612","2019",79,"Ethiopia",1227,"Addis Ababa","NO",3000,"Member State",1994,0.04435639,1.070744784,-8.950974251,-8.508823529,201902,"02"
"613","2019",79,"Ethiopia",1227,"Addis Ababa","NO",3000,"Member State",1994,0.04435639,1.070744784,-9.104250657,-8.508823529,201906,"06"
"614","2019",79,"Ethiopia",1227,"Addis Ababa","NO",3000,"Member State",1994,0.04435639,1.070744784,-8.863569537,-8.508823529,201912,"12"
"615","2022",79,"Ethiopia",1228,"Afar","NO",3000,"Member State",1994,7.901858137,17.19187629,-10.2287231,-8.519117647,202204,"04"
"616","2021",79,"Ethiopia",1233,"Hareri","NO",3000,"Member State",1994,0.030516708,0.763939268,-8.791765523,-8.519117647,202109,"09"
"617","2020",79,"Ethiopia",1227,"Addis Ababa","NO",3000,"Member State",1994,0.04435639,1.070744784,-8.806083818,-8.539705882,202001,"01"
"618","2022",79,"Ethiopia",1233,"Hareri","NO",3000,"Member State",1994,0.030516708,0.763939268,-8.810909241,-8.539705882,202212,"12"
"619","2022",79,"Ethiopia",1233,"Hareri","NO",3000,"Member State",1994,0.030516708,0.763939268,-8.800966398,-8.591176471,202202,"02"
"620","2018",79,"Ethiopia",1232,"Gambela","NO",3000,"Member State",1994,2.516956145,10.97660878,-10.0816003,-8.611764706,201804,"04"
"621","2020",79,"Ethiopia",1227,"Addis Ababa","NO",3000,"Member State",1994,0.04435639,1.070744784,-8.897210413,-8.622058824,202004,"04"
"622","2021",79,"Ethiopia",1232,"Gambela","NO",3000,"Member State",1994,2.516956145,10.97660878,-11.76577417,-8.652941176,202108,"08"
"623","2022",79,"Ethiopia",47679,"Somali","NO",3000,"Member State",1998,25.60629081,36.2466571,-12.97776736,-8.704411765,202205,"05"
"624","2019",79,"Ethiopia",1227,"Addis Ababa","NO",3000,"Member State",1994,0.04435639,1.070744784,-9.140925013,-8.714705882,201911,"11"
"625","2022",79,"Ethiopia",1228,"Afar","NO",3000,"Member State",1994,7.901858137,17.19187629,-10.55371955,-8.714705882,202205,"05"
"626","2019",79,"Ethiopia",1232,"Gambela","NO",3000,"Member State",1994,2.516956145,10.97660878,-10.93155018,-8.714705882,201905,"05"
"627","2022",79,"Ethiopia",1233,"Hareri","NO",3000,"Member State",1994,0.030516708,0.763939268,-8.985520725,-8.735294118,202211,"11"
"628","2019",79,"Ethiopia",1231,"Dire Dawa","NO",3000,"Member State",1998,0.08677634,1.696148857,-8.996743996,-8.817647059,201904,"04"
"629","2022",79,"Ethiopia",1233,"Hareri","NO",3000,"Member State",1994,0.030516708,0.763939268,-9.132582044,-8.869117647,202210,"10"
"630","2020",79,"Ethiopia",1227,"Addis Ababa","NO",3000,"Member State",1994,0.04435639,1.070744784,-9.1421302,-8.889705882,202002,"02"
"631","2019",79,"Ethiopia",1233,"Hareri","NO",3000,"Member State",1994,0.030516708,0.763939268,-9.03648597,-8.920588235,201904,"04"
"632","2019",79,"Ethiopia",1233,"Hareri","NO",3000,"Member State",1994,0.030516708,0.763939268,-9.05790757,-8.920588235,201905,"05"
"633","2022",79,"Ethiopia",1233,"Hareri","NO",3000,"Member State",1994,0.030516708,0.763939268,-9.272435496,-8.920588235,202209,"09"
"634","2020",79,"Ethiopia",1227,"Addis Ababa","NO",3000,"Member State",1994,0.04435639,1.070744784,-9.261939042,-8.982352941,202003,"03"
"635","2022",79,"Ethiopia",1227,"Addis Ababa","NO",3000,"Member State",1994,0.04435639,1.070744784,-9.264917275,-9.013235294,202205,"05"
"636","2019",79,"Ethiopia",1227,"Addis Ababa","NO",3000,"Member State",1994,0.04435639,1.070744784,-9.628123354,-9.023529412,201908,"08"
"637","2022",79,"Ethiopia",1231,"Dire Dawa","NO",3000,"Member State",1998,0.08677634,1.696148857,-9.623171373,-9.105882353,202204,"04"
"638","2019",79,"Ethiopia",1227,"Addis Ababa","NO",3000,"Member State",1994,0.04435639,1.070744784,-9.585109687,-9.126470588,201910,"10"
"639","2022",79,"Ethiopia",1233,"Hareri","NO",3000,"Member State",1994,0.030516708,0.763939268,-9.387873683,-9.167647059,202203,"03"
"640","2019",79,"Ethiopia",1227,"Addis Ababa","NO",3000,"Member State",1994,0.04435639,1.070744784,-9.620377334,-9.229411765,201903,"03"
"641","2019",79,"Ethiopia",1227,"Addis Ababa","NO",3000,"Member State",1994,0.04435639,1.070744784,-9.853875179,-9.229411765,201904,"04"
"642","2019",79,"Ethiopia",1227,"Addis Ababa","NO",3000,"Member State",1994,0.04435639,1.070744784,-9.831458462,-9.229411765,201909,"09"
"643","2022",79,"Ethiopia",1232,"Gambela","NO",3000,"Member State",1994,2.516956145,10.97660878,-12.64617435,-9.280882353,202201,"01"
"644","2022",79,"Ethiopia",1231,"Dire Dawa","NO",3000,"Member State",1998,0.08677634,1.696148857,-10.11814317,-9.291176471,202206,"06"
"645","2021",79,"Ethiopia",1232,"Gambela","NO",3000,"Member State",1994,2.516956145,10.97660878,-11.60894214,-9.455882353,202106,"06"
"646","2022",79,"Ethiopia",1233,"Hareri","NO",3000,"Member State",1994,0.030516708,0.763939268,-9.745374891,-9.455882353,202204,"04"
"647","2019",79,"Ethiopia",1227,"Addis Ababa","NO",3000,"Member State",1994,0.04435639,1.070744784,-10.1534352,-9.538235294,201905,"05"
"648","2021",79,"Ethiopia",1232,"Gambela","NO",3000,"Member State",1994,2.516956145,10.97660878,-12.88359877,-9.538235294,202111,"11"
"649","2022",79,"Ethiopia",1233,"Hareri","NO",3000,"Member State",1994,0.030516708,0.763939268,-9.853083306,-9.538235294,202208,"08"
"650","2022",79,"Ethiopia",1232,"Gambela","NO",3000,"Member State",1994,2.516956145,10.97660878,-12.62914573,-9.651470588,202202,"02"
"651","2022",79,"Ethiopia",1232,"Gambela","NO",3000,"Member State",1994,2.516956145,10.97660878,-14.30177892,-9.847058824,202207,"07"
"652","2022",79,"Ethiopia",1233,"Hareri","NO",3000,"Member State",1994,0.030516708,0.763939268,-10.14677708,-9.877941176,202207,"07"
"653","2021",79,"Ethiopia",1232,"Gambela","NO",3000,"Member State",1994,2.516956145,10.97660878,-13.06672599,-9.888235294,202112,"12"
"654","2022",79,"Ethiopia",1232,"Gambela","NO",3000,"Member State",1994,2.516956145,10.97660878,-12.94235527,-10.13529412,202203,"03"
"655","2022",79,"Ethiopia",1232,"Gambela","NO",3000,"Member State",1994,2.516956145,10.97660878,-12.56412743,-10.20735294,202204,"04"
"656","2022",79,"Ethiopia",1231,"Dire Dawa","NO",3000,"Member State",1998,0.08677634,1.696148857,-10.65474901,-10.23823529,202205,"05"
"657","2022",79,"Ethiopia",1233,"Hareri","NO",3000,"Member State",1994,0.030516708,0.763939268,-10.63726367,-10.44411765,202205,"05"
"658","2022",79,"Ethiopia",1232,"Gambela","NO",3000,"Member State",1994,2.516956145,10.97660878,-13.55156605,-10.49558824,202205,"05"
"659","2022",79,"Ethiopia",1233,"Hareri","NO",3000,"Member State",1994,0.030516708,0.763939268,-10.84575771,-10.65,202206,"06"
"660","2022",79,"Ethiopia",1232,"Gambela","NO",3000,"Member State",1994,2.516956145,10.97660878,-14.56071725,-11.04117647,202206,"06"
